,inventor,related,hops,sim
0,fl:a_ln:oleson-4,fl:c_ln:honeyman-2,1,0.9996076499663399
1,fl:a_ln:oleson-4,fl:r_ln:paolini-1,1,0.9991660558548154
8,fl:a_ln:oleson-4,fl:a_ln:oleson-4,0,1.0
9,fl:a_ln:oleson-4,fl:t_ln:whitesides-2,1,0.9995037709590682
13,fl:a_ln:oleson-4,fl:g_ln:danner-1,1,0.999347359751254
32,fl:a_ln:oleson-4,fl:r_ln:zehner-2,1,0.446730425512071
64,fl:a_ln:oleson-4,fl:j_ln:atkinson-37,2,0.998556039832349
65,fl:a_ln:oleson-4,fl:s_ln:telfer-2,2,0.9987575617289317
66,fl:a_ln:oleson-4,fl:a_ln:bouchard-3,2,0.9982280911621358
75,fl:a_ln:oleson-4,fl:p_ln:drzaic-1,2,0.49947936701364637
91,fl:a_ln:oleson-4,fl:k_ln:crounse-1,2,0.9968529145017392
122,fl:a_ln:oleson-4,fl:d_ln:harrington-28,2,0.9967124592785779
123,fl:a_ln:oleson-4,fl:m_ln:aprea-3,2,0.9971464136838072
132,fl:a_ln:oleson-4,fl:m_ln:hack-8,2,0.37440575644623264
134,fl:a_ln:oleson-4,fl:e_ln:van veenendaal-1,2,0.423249766021752
150,fl:a_ln:oleson-4,fl:h_ln:lewbel-1,2,0.4516684243198579
151,fl:a_ln:oleson-4,fl:h_ln:letourneur-1,2,0.4521178512612778
152,fl:a_ln:oleson-4,fl:s_ln:dylewski-1,2,0.43676012894612415
153,fl:a_ln:oleson-4,fl:r_ln:fernandez-33,2,0.44796850474352323
154,fl:a_ln:oleson-4,fl:j_ln:mccormack-25,2,0.44851217021117185
155,fl:a_ln:oleson-4,fl:n_ln:awad-2,2,0.45119469537848333
195,fl:a_ln:oleson-4,fl:t_ln:kobayashi-106,3,0.6503310267362981
196,fl:a_ln:oleson-4,fl:h_ln:tamura-40,3,0.6439127104805767
272,fl:a_ln:oleson-4,fl:h_ln:mori-29,3,0.40855724742808386
279,fl:a_ln:oleson-4,fl:j_ln:lu-247,3,0.4207604021750986
282,fl:a_ln:oleson-4,fl:m_ln:schnee-2,3,0.48458913651068847
283,fl:a_ln:oleson-4,fl:x_ln:zhu-131,3,0.4892036733295869
298,fl:a_ln:oleson-4,fl:y_ln:liu-925,3,0.4322076598351956
326,fl:a_ln:oleson-4,fl:h_ln:seetzen-1,3,0.37953277496303683
327,fl:a_ln:oleson-4,fl:g_ln:ward-6,3,0.37793133005219925
328,fl:a_ln:oleson-4,fl:l_ln:whitehead-2,3,0.374106446699094
329,fl:a_ln:oleson-4,fl:w_ln:stuerzlinger-1,3,0.3896689837883496
352,fl:a_ln:oleson-4,fl:h_ln:hiraoka-13,3,0.6498613105945208
354,fl:a_ln:oleson-4,fl:g_ln:phan-4,3,0.6609182936895427
377,fl:a_ln:oleson-4,fl:m_ln:yasui-26,3,0.31516039226734693
378,fl:a_ln:oleson-4,fl:m_ln:johnson-274,3,0.41151953658994844
0,fl:a_ln:webster-15,fl:c_ln:wan-9,1,0.9948883544503625
1,fl:a_ln:webster-15,fl:l_ln:whitehead-2,1,0.9680801689396453
3,fl:a_ln:webster-15,fl:d_ln:graham-68,2,0.9662842166358792
4,fl:a_ln:webster-15,fl:g_ln:ward-7,1,0.960499973076659
5,fl:a_ln:webster-15,fl:l_ln:silverstein-2,2,0.9559071775180371
6,fl:a_ln:webster-15,fl:h_ln:seetzen-1,1,0.9717699651665362
7,fl:a_ln:webster-15,fl:w_ln:stuerzlinger-1,1,0.9722472618459136
8,fl:a_ln:webster-15,fl:g_ln:ward-6,2,0.9615643683561292
9,fl:a_ln:webster-15,fl:a_ln:ninan-3,2,0.9596534713999607
10,fl:a_ln:webster-15,fl:g_ln:damberg-1,2,0.9624013987249177
11,fl:a_ln:webster-15,fl:r_ln:atkins-21,1,0.9950207685046721
12,fl:a_ln:webster-15,fl:s_ln:daly-10,2,0.9607748463452433
13,fl:a_ln:webster-15,fl:m_ln:nezamabadi-1,2,0.9833239437486971
14,fl:a_ln:webster-15,fl:j_ln:miller-73,2,0.9827081039424365
15,fl:a_ln:webster-15,fl:a_ln:webster-15,0,1.0
16,fl:a_ln:webster-15,fl:h_ln:ip-5,1,0.9914723652513479
17,fl:a_ln:webster-15,fl:k_ln:lau-16,1,0.9906570475307604
19,fl:a_ln:webster-15,fl:t_ln:kunkel-1,2,0.4623870575978162
24,fl:a_ln:webster-15,fl:t_ln:chen-791,2,0.6050129207163203
25,fl:a_ln:webster-15,fl:m_ln:miller-119,2,0.5572302512405405
38,fl:a_ln:webster-15,fl:s_ln:hulyalkar-1,3,0.6063474730846579
61,fl:a_ln:webster-15,fl:n_ln:xu-28,3,0.6055027537626787
65,fl:a_ln:webster-15,fl:j_ln:crenshaw-8,3,0.5952031362133635
68,fl:a_ln:webster-15,fl:d_ln:messing-4,3,0.9348570852526333
69,fl:a_ln:webster-15,fl:b_ln:li-182,3,0.9110250698524328
70,fl:a_ln:webster-15,fl:p_ln:van beek-3,3,0.9123444311603467
71,fl:a_ln:webster-15,fl:h_ln:pan-108,3,0.9191959057127896
72,fl:a_ln:webster-15,fl:m_ln:sezan-1,3,0.9067611597919086
73,fl:a_ln:webster-15,fl:r_ln:kovvuri-1,3,0.9471609062207524
74,fl:a_ln:webster-15,fl:l_ln:meylan-1,3,0.9347876117067224
75,fl:a_ln:webster-15,fl:x_ln:feng-59,3,0.9340217392818938
135,fl:a_ln:webster-15,fl:w_ln:allen-29,3,0.4375951574088657
136,fl:a_ln:webster-15,fl:a_ln:gupta-53,3,0.41015949959761266
137,fl:a_ln:webster-15,fl:j_ln:cole-61,3,0.41878955124375095
138,fl:a_ln:webster-15,fl:s_ln:harper-19,3,0.4192958770629549
139,fl:a_ln:webster-15,fl:s_ln:lerner-15,3,0.41814878408801837
140,fl:a_ln:webster-15,fl:j_ln:brewster-6,3,0.42675592289923947
141,fl:a_ln:webster-15,fl:k_ln:wilson-4,3,0.42321978907303115
151,fl:a_ln:webster-15,fl:b_ln:lee-888,3,0.5766180007542544
152,fl:a_ln:webster-15,fl:p_ln:fasciano-1,3,0.3946734737842743
7,fl:m_ln:hong-33,fl:m_ln:hong-33,0,1.0
17,fl:m_ln:hong-33,fl:s_ln:yamazaki-100,3,0.49100933240639
44,fl:m_ln:hong-33,fl:k_ln:song-52,1,0.9969227454758132
45,fl:m_ln:hong-33,fl:h_ln:ok-5,1,0.9994086193382704
46,fl:m_ln:hong-33,fl:j_ln:oh-182,1,0.9923663400714905
47,fl:m_ln:hong-33,fl:b_ln:lee-157,1,0.9951739014182347
48,fl:m_ln:hong-33,fl:c_ln:park-383,1,0.9865469954483398
49,fl:m_ln:hong-33,fl:s_ln:jang-163,1,0.9956724560209745
50,fl:m_ln:hong-33,fl:s_ln:lee-429,1,0.9996840989240356
51,fl:m_ln:hong-33,fl:h_ln:lee-890,1,0.9994058146855193
52,fl:m_ln:hong-33,fl:n_ln:roh-1,1,0.9987314033910762
53,fl:m_ln:hong-33,fl:d_ln:park-66,1,0.999309667676781
54,fl:m_ln:hong-33,fl:w_ln:choe-6,1,0.9991644599859021
55,fl:m_ln:hong-33,fl:j_ln:noh-18,2,0.9944957571550125
56,fl:m_ln:hong-33,fl:y_ln:yang-543,1,0.9991838492995249
57,fl:m_ln:hong-33,fl:b_ln:choi-126,2,0.9949669062559842
58,fl:m_ln:hong-33,fl:h_ln:lee-1285,2,0.9939549248527475
59,fl:m_ln:hong-33,fl:c_ln:kim-308,1,0.9989543577035139
61,fl:m_ln:hong-33,fl:b_ln:kim-125,2,0.44870277522673563
62,fl:m_ln:hong-33,fl:h_ln:chung-79,2,0.46624335213601475
63,fl:m_ln:hong-33,fl:s_ln:yoon-141,2,0.46154120947600774
64,fl:m_ln:hong-33,fl:y_ln:hong-159,3,0.4667163121266864
68,fl:m_ln:hong-33,fl:d_ln:lee-238,2,0.5041243525898518
75,fl:m_ln:hong-33,fl:y_ln:yamamoto-51,3,0.4580783726024735
81,fl:m_ln:hong-33,fl:y_ln:hirakata-4,3,0.46388153092203865
96,fl:m_ln:hong-33,fl:c_ln:chai-6,2,0.9898885116750623
137,fl:m_ln:hong-33,fl:a_ln:suzuki-49,3,0.4837327620802143
190,fl:m_ln:hong-33,fl:k_ln:nagayama-33,3,0.47629839015104647
191,fl:m_ln:hong-33,fl:p_ln:drzaic-1,3,0.3294140491323656
199,fl:m_ln:hong-33,fl:g_ln:itoh-1,3,0.5195642210223569
238,fl:m_ln:hong-33,fl:y_ln:arai-80,3,0.48735202196824723
248,fl:m_ln:hong-33,fl:c_ln:lin-642,3,0.4295038115725023
249,fl:m_ln:hong-33,fl:j_ln:su-41,3,0.4272094712385899
250,fl:m_ln:hong-33,fl:c_ln:chang-343,3,0.3730280455013084
275,fl:m_ln:hong-33,fl:b_ln:ferren-1,3,0.5446603580965057
296,fl:m_ln:hong-33,fl:e_ln:harari-4,3,0.37006343722851365
304,fl:m_ln:hong-33,fl:r_ln:wallace-28,3,0.3567711938060518
334,fl:m_ln:hong-33,fl:m_ln:higgins-33,3,0.6037302186340892
335,fl:m_ln:hong-33,fl:c_ln:brown elliott-2,3,0.6028395514932076
336,fl:m_ln:hong-33,fl:t_ln:credelle-2,3,0.6158935568328708
337,fl:m_ln:hong-33,fl:m_ln:schlegel-9,3,0.5900524316268414
338,fl:m_ln:hong-33,fl:p_ln:higgins-13,3,0.6056504567447795
339,fl:m_ln:hong-33,fl:m_ln:im-24,3,0.6016688327753523
340,fl:m_ln:hong-33,fl:i_ln:baek-14,3,0.6062985424811612
341,fl:m_ln:hong-33,fl:s_ln:han-90,3,0.6125648934177346
342,fl:m_ln:hong-33,fl:c_ln:elliott-10,3,0.5995725160308448
343,fl:m_ln:hong-33,fl:c_ln:brown elliott-1,3,0.5937302766022495
344,fl:m_ln:hong-33,fl:m_ln:im-25,3,0.6061990715667838
345,fl:m_ln:hong-33,fl:a_ln:botzas-1,3,0.5987794204433385
346,fl:m_ln:hong-33,fl:i_ln:kim-320,3,0.6384357331343913
348,fl:m_ln:hong-33,fl:s_ln:han-377,3,0.5947433374044562
349,fl:m_ln:hong-33,fl:i_ln:baek-32,3,0.5914972996563312
350,fl:m_ln:hong-33,fl:c_ln:elliot-11,3,0.5861191489279597
351,fl:m_ln:hong-33,fl:e_ln:thompson-24,3,0.5815432874191436
399,fl:m_ln:hong-33,fl:i_ln:lee-24,2,0.9868273286379065
400,fl:m_ln:hong-33,fl:s_ln:hong-182,2,0.984187276254718
401,fl:m_ln:hong-33,fl:y_ln:lee-964,2,0.9870753858684167
405,fl:m_ln:hong-33,fl:j_ln:koyama-9,3,0.4713810050921352
412,fl:m_ln:hong-33,fl:w_ln:den boer-1,3,0.4063846381792674
566,fl:m_ln:hong-33,fl:k_ln:shin-34,2,0.601933998963084
588,fl:m_ln:hong-33,fl:t_ln:kim-146,3,0.5153809183765811
598,fl:m_ln:hong-33,fl:k_ln:kondo-23,3,0.28679782050900826
605,fl:m_ln:hong-33,fl:a_ln:yamada-32,3,0.37621833503417645
608,fl:m_ln:hong-33,fl:h_ln:kim-508,2,0.5963108755029093
609,fl:m_ln:hong-33,fl:y_ln:kim-109,2,0.5959393745211237
610,fl:m_ln:hong-33,fl:h_ln:do-7,2,0.6021431295674995
611,fl:m_ln:hong-33,fl:h_ln:chang-241,2,0.6034411588538091
612,fl:m_ln:hong-33,fl:s_ln:yoo-131,3,0.5992466655030757
626,fl:m_ln:hong-33,fl:y_ln:chang-595,3,0.4703728444450124
646,fl:m_ln:hong-33,fl:h_ln:shishido-6,3,0.47899470909889874
648,fl:m_ln:hong-33,fl:k_ln:toyotaka-1,3,0.5612892189290885
650,fl:m_ln:hong-33,fl:k_ln:kusunoki-4,3,0.5627126491607652
654,fl:m_ln:hong-33,fl:y_ln:tanada-3,3,0.46889478201781176
656,fl:m_ln:hong-33,fl:l_ln:duan-23,3,0.5325670235842204
672,fl:m_ln:hong-33,fl:y_ln:murakami-44,3,0.4842291145478972
675,fl:m_ln:hong-33,fl:h_ln:walton-9,3,0.45302996618363167
690,fl:m_ln:hong-33,fl:k_ln:ishii-116,3,0.295687179369572
691,fl:m_ln:hong-33,fl:m_ln:yonemaru-1,3,0.3070167342458867
692,fl:m_ln:hong-33,fl:m_ln:nakamizo-2,3,0.3094557449046298
702,fl:m_ln:hong-33,fl:a_ln:umezaki-1,3,0.4785930685767953
708,fl:m_ln:hong-33,fl:s_ln:chang-165,3,0.4205325090903964
715,fl:m_ln:hong-33,fl:y_ln:hisada-6,3,0.432605335108611
716,fl:m_ln:hong-33,fl:r_ln:itoh-11,3,0.4004183452429665
717,fl:m_ln:hong-33,fl:j_ln:park-473,3,0.3996317697960541
718,fl:m_ln:hong-33,fl:t_ln:park-88,3,0.4013513298610909
719,fl:m_ln:hong-33,fl:d_ln:lee-237,3,0.41966252395375336
720,fl:m_ln:hong-33,fl:s_ln:shin-171,3,0.4059105288615754
722,fl:m_ln:hong-33,fl:d_ln:malka-2,3,0.45162473885271837
723,fl:m_ln:hong-33,fl:m_ln:ben-chorin-1,3,0.4620203693573479
731,fl:m_ln:hong-33,fl:h_ln:moriya-11,3,0.5532739381586621
732,fl:m_ln:hong-33,fl:t_ln:aragaki-2,3,0.5555055089915023
733,fl:m_ln:hong-33,fl:a_ln:inagaki-7,3,0.36457649319823804
734,fl:m_ln:hong-33,fl:m_ln:kuribayashi-9,3,0.3709199289744245
735,fl:m_ln:hong-33,fl:k_ln:aruga-8,3,0.3658743278923374
737,fl:m_ln:hong-33,fl:s_ln:wang-87,3,0.5642231965354274
749,fl:m_ln:hong-33,fl:h_ln:baek-48,3,0.37447878469916573
750,fl:m_ln:hong-33,fl:m_ln:schlegel-11,3,0.5970870780442309
751,fl:m_ln:hong-33,fl:t_ln:yamamoto-78,3,0.3052208096811033
752,fl:m_ln:hong-33,fl:y_ln:utsumi-4,3,0.27535257701361227
753,fl:m_ln:hong-33,fl:k_ln:ono-93,3,0.4036485847647604
760,fl:m_ln:hong-33,fl:d_ln:eliav-1,3,0.4554338613143798
761,fl:m_ln:hong-33,fl:s_ln:roth-22,3,0.4612811501568803
762,fl:m_ln:hong-33,fl:t_ln:nakamoto-15,3,0.49791336206278536
763,fl:m_ln:hong-33,fl:m_ln:shigeta-4,3,0.5043311130737429
764,fl:m_ln:hong-33,fl:m_ln:shiomi-14,3,0.5051432353495899
765,fl:m_ln:hong-33,fl:m_ln:schlegel-10,3,0.5869541598759404
827,fl:m_ln:hong-33,fl:j_ln:choi-642,3,0.4327525421514402
848,fl:m_ln:hong-33,fl:y_ln:song-484,3,0.4200996540181571
859,fl:m_ln:hong-33,fl:y_ln:park-73,3,0.4209730152761523
862,fl:m_ln:hong-33,fl:t_ln:tsubata-3,3,0.3114409625161032
863,fl:m_ln:hong-33,fl:m_ln:takeuchi-95,3,0.30103777067949977
869,fl:m_ln:hong-33,fl:h_ln:kimura-92,3,0.4789519288528239
873,fl:m_ln:hong-33,fl:j_ln:zhong-3,3,0.4271402957995798
888,fl:m_ln:hong-33,fl:m_ln:kanazawa-20,3,0.5388913335886433
889,fl:m_ln:hong-33,fl:i_ln:kondou-2,3,0.5488085193166046
890,fl:m_ln:hong-33,fl:f_ln:okano-2,3,0.5437011988894563
891,fl:m_ln:hong-33,fl:t_ln:uehara-24,3,0.575327229657205
892,fl:m_ln:hong-33,fl:c_ln:tanaka-19,3,0.5703520741324803
893,fl:m_ln:hong-33,fl:m_ln:horiguchi-17,3,0.5741901916007474
894,fl:m_ln:hong-33,fl:s_ln:tanaka-176,3,0.5757397073420812
895,fl:m_ln:hong-33,fl:k_ln:kobayashi-128,3,0.5829728583793043
896,fl:m_ln:hong-33,fl:h_ln:kaneko-22,3,0.5736921364146325
905,fl:m_ln:hong-33,fl:d_ln:mathew-8,3,0.3213340077293232
910,fl:m_ln:hong-33,fl:v_ln:yin-3,3,0.4248012341055596
920,fl:m_ln:hong-33,fl:j_ln:rhee-10,3,0.4067348870025915
921,fl:m_ln:hong-33,fl:b_ln:choi-29,3,0.41310915662229775
923,fl:m_ln:hong-33,fl:y_ln:lee-976,3,0.4709476386654996
932,fl:m_ln:hong-33,fl:m_ln:kim-381,3,0.46740237503630466
963,fl:m_ln:hong-33,fl:m_ln:hasegawa-26,3,0.3592127071138398
1099,fl:m_ln:hong-33,fl:y_ln:okada-83,3,0.3633814131307471
1100,fl:m_ln:hong-33,fl:k_ln:nakamura-195,3,0.34941802844191994
1129,fl:m_ln:hong-33,fl:a_ln:mase-4,3,0.46008511734347435
1176,fl:m_ln:hong-33,fl:m_ln:miyasaka-24,3,0.3952884474793248
1186,fl:m_ln:hong-33,fl:t_ln:takayama-45,3,0.44334656760474633
1193,fl:m_ln:hong-33,fl:m_ln:sasaki-74,3,0.5951859200865154
1213,fl:m_ln:hong-33,fl:k_ln:morii-17,3,0.47529127207480837
1244,fl:m_ln:hong-33,fl:t_ln:sugihara-10,3,0.3224085413591591
1246,fl:m_ln:hong-33,fl:h_ln:sugiura-20,3,0.6288731185678288
1247,fl:m_ln:hong-33,fl:s_ln:kagawa-7,3,0.629352741459046
1259,fl:m_ln:hong-33,fl:g_ln:phan-4,3,0.4515761781518377
1260,fl:m_ln:hong-33,fl:h_ln:wong-35,3,0.4369662805343921
1263,fl:m_ln:hong-33,fl:j_ln:jang-402,2,0.32567709305905024
1264,fl:m_ln:hong-33,fl:w_ln:jang-104,2,0.3343319319643523
1267,fl:m_ln:hong-33,fl:j_ln:lim-64,2,0.32969494140271915
1268,fl:m_ln:hong-33,fl:j_ln:park-345,1,0.9923726391134863
1271,fl:m_ln:hong-33,fl:y_ln:kim-590,2,0.9975528113030449
1272,fl:m_ln:hong-33,fl:j_ln:park-464,1,0.9980229080017295
1273,fl:m_ln:hong-33,fl:y_ln:jeong-157,1,0.9984922003171658
1278,fl:m_ln:hong-33,fl:k_ln:hwang-65,2,0.9985730679327403
1279,fl:m_ln:hong-33,fl:y_ln:cho-315,2,0.9986620740567841
1371,fl:m_ln:hong-33,fl:a_ln:ishikawa-20,3,0.44235992400144153
1401,fl:m_ln:hong-33,fl:j_ln:lee-333,2,0.5261309243581838
1402,fl:m_ln:hong-33,fl:g_ln:jeong-18,2,0.5313800996386773
1403,fl:m_ln:hong-33,fl:w_ln:jang-11,2,0.5247386225122385
1405,fl:m_ln:hong-33,fl:k_ln:uh-1,3,0.5208036128568188
1406,fl:m_ln:hong-33,fl:j_ln:park-380,2,0.51352860615245
1407,fl:m_ln:hong-33,fl:j_ln:park-376,3,0.5170791384801356
1513,fl:m_ln:hong-33,fl:j_ln:park-624,3,0.37765364300824744
1516,fl:m_ln:hong-33,fl:s_ln:choi-435,3,0.5234312407566484
1517,fl:m_ln:hong-33,fl:w_ln:lee-142,3,0.5235483963930568
1518,fl:m_ln:hong-33,fl:m_ln:kabe-1,3,0.6771277632485759
1520,fl:m_ln:hong-33,fl:a_ln:sakaigawa-1,3,0.6704196441861872
1522,fl:m_ln:hong-33,fl:h_ln:choh-1,3,0.4342169314844124
1523,fl:m_ln:hong-33,fl:p_ln:bodrogi-1,2,0.4330869820327794
1525,fl:m_ln:hong-33,fl:y_ln:kwak-58,3,0.4302910891831594
1528,fl:m_ln:hong-33,fl:h_ln:chu ke-1,3,0.5016350413949336
1529,fl:m_ln:hong-33,fl:s_ln:cheng-132,3,0.5081372198761421
1531,fl:m_ln:hong-33,fl:s_ln:yang-1170,3,0.43101560264069627
1532,fl:m_ln:hong-33,fl:r_ln:itoh-12,3,0.43460999091928176
1574,fl:m_ln:hong-33,fl:y_ln:lee-628,2,0.978390762670153
1577,fl:m_ln:hong-33,fl:s_ln:lee-1671,3,0.5070646802930712
1670,fl:m_ln:hong-33,fl:y_ln:park-461,3,0.32056553878100846
1735,fl:m_ln:hong-33,fl:k_ln:nakamura-71,3,0.35601857711443596
1736,fl:m_ln:hong-33,fl:s_ln:okazaki-23,3,0.36043260079347617
1737,fl:m_ln:hong-33,fl:r_ln:weng-4,3,0.495427467571133
1738,fl:m_ln:hong-33,fl:s_ln:lo-35,3,0.4928349312192557
1739,fl:m_ln:hong-33,fl:c_ln:hsu-84,3,0.4991499887574661
1922,fl:m_ln:hong-33,fl:d_ln:gibbon-1,3,0.35225366935052216
1925,fl:m_ln:hong-33,fl:z_ln:liu-75,3,0.3425418049744757
1926,fl:m_ln:hong-33,fl:b_ln:shahraray-1,3,0.3396287312583286
2001,fl:m_ln:hong-33,fl:d_ln:nam-38,2,0.2535956084189044
2012,fl:m_ln:hong-33,fl:d_ln:park-99,2,0.4636099921975545
2027,fl:m_ln:hong-33,fl:y_ln:moon-63,2,0.2336319023169472
2050,fl:m_ln:hong-33,fl:w_ln:choe-5,2,0.5477107355280055
2124,fl:m_ln:hong-33,fl:y_ln:sung-81,2,0.4191178253958753
2127,fl:m_ln:hong-33,fl:s_ln:han-349,2,0.23175014043722575
2128,fl:m_ln:hong-33,fl:j_ln:allebach-2,2,0.4606953147544902
2149,fl:m_ln:hong-33,fl:s_ln:lee-1082,2,0.5737040136777364
2237,fl:m_ln:hong-33,fl:j_ln:lee-598,2,0.5849289263035107
2240,fl:m_ln:hong-33,fl:j_ln:schanda-2,2,0.4388233898404653
2281,fl:m_ln:hong-33,fl:w_ln:park-127,2,0.6407738578118741
2332,fl:m_ln:hong-33,fl:c_ln:choi-41,2,0.4247759150443098
2371,fl:m_ln:hong-33,fl:s_ln:kim-884,2,0.9767349249299946
2372,fl:m_ln:hong-33,fl:g_ln:jo-22,2,0.9806103810960219
2373,fl:m_ln:hong-33,fl:s_ln:yang-378,2,0.9801718689980256
2408,fl:m_ln:hong-33,fl:j_ln:hwang-394,2,0.45897400780822273
0,fl:c_ln:towne-1,fl:w_ln:dibacco-1,1,0.9996361199060165
1,fl:c_ln:towne-1,fl:k_ln:paxton-4,1,0.9997081036476738
4,fl:c_ln:towne-1,fl:m_ln:trevisan-1,1,0.999634767698644
5,fl:c_ln:towne-1,fl:s_ln:spiwak-1,1,0.9994326513344078
6,fl:c_ln:towne-1,fl:c_ln:towne-1,0,1.0
17,fl:c_ln:towne-1,fl:b_ln:dresevic-1,3,0.4659961504652872
18,fl:c_ln:towne-1,fl:j_ln:platt-9,3,0.4843764504085524
19,fl:c_ln:towne-1,fl:c_ln:betrisey-1,3,0.46457133861831656
42,fl:c_ln:towne-1,fl:d_ln:opstad-1,3,0.5663566611973307
0,fl:s_ln:snibbe-1,fl:d_ln:wilk-6,1,0.9991445528509715
9,fl:s_ln:snibbe-1,fl:j_ln:wang-705,2,0.40552972937483567
10,fl:s_ln:snibbe-1,fl:z_ln:li-557,2,0.45584794362711656
25,fl:s_ln:snibbe-1,fl:d_ln:simons-9,1,0.9989683733526845
26,fl:s_ln:snibbe-1,fl:s_ln:kong-47,3,0.4013751200056873
27,fl:s_ln:snibbe-1,fl:a_ln:erickson-22,3,0.398458564160044
28,fl:s_ln:snibbe-1,fl:s_ln:snibbe-1,0,1.0
38,fl:s_ln:snibbe-1,fl:w_ln:li-64,3,0.39471344593389834
51,fl:s_ln:snibbe-1,fl:e_ln:shechtman-2,3,0.4275664278018382
81,fl:s_ln:snibbe-1,fl:w_ln:li-311,3,0.29414745967190326
82,fl:s_ln:snibbe-1,fl:x_ln:zhu-131,3,0.523703528835489
83,fl:s_ln:snibbe-1,fl:k_ln:au-12,3,0.5185085106121685
84,fl:s_ln:snibbe-1,fl:m_ln:schnee-2,3,0.5251519701673611
85,fl:s_ln:snibbe-1,fl:c_ln:tsikos-1,3,0.5128789577784892
86,fl:s_ln:snibbe-1,fl:s_ln:ghosh-25,3,0.5202240629604763
87,fl:s_ln:snibbe-1,fl:c_ln:knowles-17,3,0.5273336892750788
88,fl:s_ln:snibbe-1,fl:a_ln:wirth-3,3,0.5154474296865735
98,fl:s_ln:snibbe-1,fl:c_ln:chang-1323,3,0.41846648368025563
99,fl:s_ln:snibbe-1,fl:k_ln:acken-2,3,0.4107602518446789
100,fl:s_ln:snibbe-1,fl:d_ln:auld-6,3,0.42079282404005347
101,fl:s_ln:snibbe-1,fl:p_ln:trajmar-1,3,0.41266614106074284
102,fl:s_ln:snibbe-1,fl:g_ln:yeh-15,3,0.41779895863318905
103,fl:s_ln:snibbe-1,fl:p_ln:greaves-4,3,0.33468772748387854
104,fl:s_ln:snibbe-1,fl:m_ln:moore-56,3,0.33619051899350905
105,fl:s_ln:snibbe-1,fl:s_ln:perlman-2,3,0.3366032689653856
106,fl:s_ln:snibbe-1,fl:l_ln:thompson-25,3,0.366349006883959
107,fl:s_ln:snibbe-1,fl:r_ln:zimmerman-45,3,0.29475266391687516
108,fl:s_ln:snibbe-1,fl:b_ln:billerbeck-2,3,0.28769663903996534
109,fl:s_ln:snibbe-1,fl:g_ln:sanchez-30,3,0.3081352966823183
111,fl:s_ln:snibbe-1,fl:h_ln:chao-78,3,0.4077450126278821
112,fl:s_ln:snibbe-1,fl:x_ln:zhang-159,3,0.39454963358807793
115,fl:s_ln:snibbe-1,fl:r_ln:suzuki-38,3,0.405845262309398
116,fl:s_ln:snibbe-1,fl:s_ln:kato-117,3,0.40392152504754153
117,fl:s_ln:snibbe-1,fl:t_ln:itani-7,3,0.3929028005656764
118,fl:s_ln:snibbe-1,fl:i_ln:nishida-8,3,0.4068770949501195
119,fl:s_ln:snibbe-1,fl:k_ln:kang-70,3,0.3020709342255137
120,fl:s_ln:snibbe-1,fl:w_ln:paik-2,3,0.3030429565671655
121,fl:s_ln:snibbe-1,fl:m_ln:yu-6,3,0.4179469315251342
122,fl:s_ln:snibbe-1,fl:a_ln:tinling-1,3,0.19539739677536594
123,fl:s_ln:snibbe-1,fl:c_ln:evans-37,3,0.18786883487149242
124,fl:s_ln:snibbe-1,fl:l_ln:amadio-1,3,0.19554188940706752
125,fl:s_ln:snibbe-1,fl:r_ln:fernandez-9,3,0.19972178533189444
126,fl:s_ln:snibbe-1,fl:g_ln:raiz-1,3,0.19822358913931404
128,fl:s_ln:snibbe-1,fl:c_ln:fleming-8,3,0.522298810242832
129,fl:s_ln:snibbe-1,fl:r_ln:brunner-31,3,0.5411206579959454
134,fl:s_ln:snibbe-1,fl:m_ln:keith-20,3,0.3899249650761868
138,fl:s_ln:snibbe-1,fl:s_ln:fukase-6,3,0.37209333903905106
139,fl:s_ln:snibbe-1,frbm4qg4pfn4g6ssjodzi30n2,3,0.3834334298679838
140,fl:s_ln:snibbe-1,fl:n_ln:baba-24,3,0.38447831313217073
141,fl:s_ln:snibbe-1,fl:t_ln:baba-86,3,0.38649607911937833
142,fl:s_ln:snibbe-1,fl:y_ln:naitou-6,3,0.3788571543140431
143,fl:s_ln:snibbe-1,fl:k_ln:akiyama-17,3,0.385992568296865
146,fl:s_ln:snibbe-1,fl:r_ln:zimmermann-10,3,0.29736355391383773
147,fl:s_ln:snibbe-1,fl:j_ln:labrousse-1,3,0.29104989649113255
148,fl:s_ln:snibbe-1,fl:s_ln:maggi-1,3,0.29128646887513887
149,fl:s_ln:snibbe-1,fl:g_ln:auberger-1,3,0.30196691120974295
150,fl:s_ln:snibbe-1,fl:m_ln:norcross-2,3,0.2982239367813324
151,fl:s_ln:snibbe-1,fl:m_ln:hsu-169,3,0.29760241588260805
152,fl:s_ln:snibbe-1,fl:t_ln:kawashima-24,3,0.31062890626472006
153,fl:s_ln:snibbe-1,fl:c_ln:patten-7,3,0.30902632158338483
157,fl:s_ln:snibbe-1,fl:k_ln:parulski-1,3,0.6378336975634555
159,fl:s_ln:snibbe-1,fl:i_ln:chaudhri-2,3,0.560017642182265
161,fl:s_ln:snibbe-1,fl:g_ln:christie-7,3,0.5714125377534888
181,fl:s_ln:snibbe-1,fl:r_ln:eggers-2,3,0.22946465057732968
188,fl:s_ln:snibbe-1,fl:s_ln:morein-2,3,0.40620143274629994
204,fl:s_ln:snibbe-1,fl:v_ln:shastri-3,3,0.23913846297537922
205,fl:s_ln:snibbe-1,fl:i_ln:chakraborty-4,3,0.23925137906815097
305,fl:s_ln:snibbe-1,fl:c_ln:finkelstein-2,3,0.1732206453642844
344,fl:s_ln:snibbe-1,fl:m_ln:shinkai-9,3,0.2916442252809264
369,fl:s_ln:snibbe-1,fl:j_ln:shu-27,3,0.5721942382301258
409,fl:s_ln:snibbe-1,fl:b_ln:ording-1,3,0.5853565671999154
430,fl:s_ln:snibbe-1,fl:s_ln:harrington-21,3,0.6047084156773219
460,fl:s_ln:snibbe-1,fl:m_ln:lee-777,3,0.49512253859935695
478,fl:s_ln:snibbe-1,fl:a_ln:aybes-1,3,0.5657554027655067
481,fl:s_ln:snibbe-1,fl:s_ln:lemay-1,3,0.5704051386846363
502,fl:s_ln:snibbe-1,fl:r_ln:goodwin-27,3,0.44436076028170013
503,fl:s_ln:snibbe-1,fl:g_ln:zehr-2,3,0.5414005331174846
527,fl:s_ln:snibbe-1,fl:m_ln:os-1,3,0.5602181309052501
545,fl:s_ln:snibbe-1,fl:j_ln:kim-1778,3,0.44690063369778854
547,fl:s_ln:snibbe-1,fl:j_ln:hebenstreit-2,3,0.43746122893440886
577,fl:s_ln:snibbe-1,fl:k_ln:piersol-1,3,0.49899665349229405
605,fl:s_ln:snibbe-1,fl:h_ln:lewbel-1,3,0.33875040959320335
622,fl:s_ln:snibbe-1,fl:s_ln:forstall-1,3,0.5666854125723473
623,fl:s_ln:snibbe-1,fl:h_ln:stallings-2,3,0.5682220353449204
631,fl:s_ln:snibbe-1,fl:m_ln:van os-2,3,0.5700937533712017
651,fl:s_ln:snibbe-1,fl:m_ln:mills-23,3,0.4565170071557373
652,fl:s_ln:snibbe-1,fl:j_ln:cohen-39,3,0.4575179471619062
664,fl:s_ln:snibbe-1,fl:r_ln:gove-2,3,0.6367303875128548
674,fl:s_ln:snibbe-1,fl:z_ln:koch-3,2,0.5593558031735001
688,fl:s_ln:snibbe-1,fl:m_ln:slaney-1,3,0.5131253899329807
702,fl:s_ln:snibbe-1,fl:a_ln:olson-34,3,0.5202732548992159
799,fl:s_ln:snibbe-1,fl:p_ln:hart-21,3,0.43394173198784136
805,fl:s_ln:snibbe-1,fl:j_ln:hull-8,3,0.4384861988447064
899,fl:s_ln:snibbe-1,fl:j_ln:harper-74,3,0.5438417721782727
908,fl:s_ln:snibbe-1,fl:s_ln:hong-182,3,0.5618832857291847
913,fl:s_ln:snibbe-1,fl:d_ln:strawn-1,3,0.5994341706976684
922,fl:s_ln:snibbe-1,fl:a_ln:ohba-6,3,0.6436597477202964
994,fl:s_ln:snibbe-1,fl:b_ln:mount-3,3,0.6467323428997762
995,fl:s_ln:snibbe-1,fl:d_ln:mcculloch-3,3,0.6514327201694466
999,fl:s_ln:snibbe-1,fl:k_ln:geisner-1,3,0.6511596090668181
1005,fl:s_ln:snibbe-1,fl:j_ln:ive-2,3,0.3579869344777167
1019,fl:s_ln:snibbe-1,fl:a_ln:fadell-1,3,0.3592015003821595
1020,fl:s_ln:snibbe-1,fl:j_ln:robbin-6,3,0.39213642697721063
0,fl:b_ln:meaney-1,fl:g_ln:agnoli-2,1,0.999371524388815
5,fl:b_ln:meaney-1,fl:m_ln:stern-7,2,0.2323510619426885
6,fl:b_ln:meaney-1,fl:b_ln:meaney-1,0,1.0
12,fl:b_ln:meaney-1,fl:s_ln:lemay-1,2,0.46250640058798276
17,fl:b_ln:meaney-1,fl:k_ln:aitken-1,2,0.5004729844441012
37,fl:b_ln:meaney-1,fl:r_ln:ubillos-2,2,0.5254576696233149
46,fl:b_ln:meaney-1,fl:k_ln:carson-8,2,0.5362056473492388
60,fl:b_ln:meaney-1,fl:p_ln:chou-80,2,0.5233229163588005
70,fl:b_ln:meaney-1,fl:i_ln:chaudhri-2,2,0.44505860982931966
71,fl:b_ln:meaney-1,fl:j_ln:ive-2,2,0.4592780457249581
74,fl:b_ln:meaney-1,fl:j_ln:howard-44,2,0.4610792628580833
77,fl:b_ln:meaney-1,fl:e_ln:graves-8,2,0.541228841964043
78,fl:b_ln:meaney-1,fl:s_ln:agarwal-68,1,0.9993874774555428
80,fl:b_ln:meaney-1,fl:h_ln:guo-96,2,0.4999394248964436
97,fl:b_ln:meaney-1,fl:k_ln:meier-4,2,0.39963110666708657
139,fl:b_ln:meaney-1,fl:s_ln:moore-33,3,0.6178638318074289
140,fl:b_ln:meaney-1,fl:d_ln:newman-35,3,0.3896750373429707
174,fl:b_ln:meaney-1,fl:g_ln:escobar-1,3,0.4771041471636803
175,fl:b_ln:meaney-1,fl:l_ln:kirsh-2,3,0.47153210671675405
228,fl:b_ln:meaney-1,fl:w_ln:roberts-25,3,0.39180182013533615
229,fl:b_ln:meaney-1,fl:m_ln:schriever-1,3,0.39873602348245685
254,fl:b_ln:meaney-1,fl:b_ln:cooper-51,3,0.2480607171973499
255,fl:b_ln:meaney-1,fl:r_ln:gonsalves-3,3,0.24428443732545402
256,fl:b_ln:meaney-1,fl:a_ln:grigorovitch-1,3,0.38481505195434285
265,fl:b_ln:meaney-1,fl:m_ln:van os-2,3,0.46159532645428947
266,fl:b_ln:meaney-1,fl:g_ln:christie-7,3,0.4553941448857475
268,fl:b_ln:meaney-1,fl:m_ln:matas-3,3,0.4567452784350883
269,fl:b_ln:meaney-1,fl:k_ln:tiene-1,3,0.4385420799465689
271,fl:b_ln:meaney-1,fl:s_ln:forstall-1,3,0.44765198347635127
274,fl:b_ln:meaney-1,fl:d_ln:tretter-2,3,0.5551475296938306
289,fl:b_ln:meaney-1,fl:p_ln:fasciano-1,3,0.4522261312238789
291,fl:b_ln:meaney-1,fl:r_ln:wallin-7,3,0.39695896242797435
309,fl:b_ln:meaney-1,fl:b_ln:feth-1,3,0.23915869886428565
310,fl:b_ln:meaney-1,fl:a_ln:bryant-8,2,0.267898433380622
311,fl:b_ln:meaney-1,fl:m_ln:goldeen-1,2,0.25019739303031896
312,fl:b_ln:meaney-1,fl:p_ln:heynen-2,2,0.25449062311812054
355,fl:b_ln:meaney-1,fl:g_ln:miller-11,3,0.5483523944044348
380,fl:b_ln:meaney-1,fl:p_ln:o'connor-13,3,0.2415244009004286
381,fl:b_ln:meaney-1,fl:e_ln:peters-21,3,0.23218071634741133
382,fl:b_ln:meaney-1,fl:m_ln:phillips-51,3,0.2544179242748259
393,fl:b_ln:meaney-1,fl:s_ln:lai-120,3,0.4434156128354316
394,fl:b_ln:meaney-1,fl:a_ln:chu-26,3,0.44849198933070833
396,fl:b_ln:meaney-1,fl:o_ln:sung-2,3,0.44694423908534886
415,fl:b_ln:meaney-1,fl:l_ln:qian-36,3,0.5845156302376309
428,fl:b_ln:meaney-1,fl:t_ln:tanaka-191,3,0.4946029233617024
450,fl:b_ln:meaney-1,fl:m_ln:covell-2,3,0.6535522957567429
483,fl:b_ln:meaney-1,fl:k_ln:toyama-24,3,0.23920276392968942
515,fl:b_ln:meaney-1,fl:e_ln:bier-2,3,0.5452686121755549
536,fl:b_ln:meaney-1,fl:m_ln:stern-6,2,0.23731752407340123
537,fl:b_ln:meaney-1,fl:w_ln:feth-1,2,0.25823558325186013
542,fl:b_ln:meaney-1,fl:k_ln:cornog-1,3,0.22871557457423086
552,fl:b_ln:meaney-1,fl:s_ln:mathur-44,3,0.26486508562618694
571,fl:b_ln:meaney-1,fl:c_ln:winkler-17,2,0.22266233790995127
572,fl:b_ln:meaney-1,fl:a_ln:kaulgud-1,2,0.2528111611352135
609,fl:b_ln:meaney-1,fl:j_ln:hull-8,3,0.4387527127934723
611,fl:b_ln:meaney-1,fl:b_ln:erol-1,3,0.43481260933528354
617,fl:b_ln:meaney-1,fl:y_ln:monobe-1,3,0.41625310129130744
674,fl:b_ln:meaney-1,fl:c_ln:karunamuni-2,3,0.45180273015660677
683,fl:b_ln:meaney-1,fl:c_ln:federighi-1,3,0.47418016433395926
691,fl:b_ln:meaney-1,fl:c_ln:kennedy-8,2,0.5250895319015353
692,fl:b_ln:meaney-1,fl:p_ln:towner-1,2,0.5306610160434965
693,fl:b_ln:meaney-1,fl:g_ln:mullins-4,2,0.5295126182695448
694,fl:b_ln:meaney-1,fl:x_ln:tong-12,2,0.5312103006360833
695,fl:b_ln:meaney-1,fl:g_ln:wallace-39,2,0.5294434097599797
696,fl:b_ln:meaney-1,fl:k_ln:paulsen-11,2,0.5260938559403011
697,fl:b_ln:meaney-1,fl:t_ln:cherna-1,3,0.5235944337271363
701,fl:b_ln:meaney-1,fl:k_ln:washino-7,3,0.6603462638643784
702,fl:b_ln:meaney-1,fl:b_ln:schwab-7,3,0.6691286053823431
736,fl:b_ln:meaney-1,fl:t_ln:matono-2,3,0.3358960404062459
762,fl:b_ln:meaney-1,fl:k_ln:spaulding-2,3,0.33859370677020495
777,fl:b_ln:meaney-1,fl:d_ln:simons-9,3,0.5203155713224543
778,fl:b_ln:meaney-1,fl:e_ln:schell-4,3,0.2485571154471945
779,fl:b_ln:meaney-1,fl:d_ln:baker-111,3,0.2509405705235872
780,fl:b_ln:meaney-1,fl:d_ln:mulligan-2,3,0.25822994804527544
790,fl:b_ln:meaney-1,fl:r_ln:miyazaki-19,3,0.5736488788261263
796,fl:b_ln:meaney-1,fl:d_ln:lindsay-3,3,0.6017272360796575
0,fl:i_ln:arai-7,fl:k_ln:kitou-4,1,0.9993468007056245
1,fl:i_ln:arai-7,fl:m_ln:taniguchi-42,1,0.9994168060289287
2,fl:i_ln:arai-7,fl:y_ln:sano-41,1,0.9994428684867971
3,fl:i_ln:arai-7,fl:k_ln:kishimoto-21,1,0.9992081733967753
4,fl:i_ln:arai-7,fl:t_ln:ogawa-84,1,0.9990554201796434
5,fl:i_ln:arai-7,fl:s_ln:yamada-99,1,0.9993461256367422
6,fl:i_ln:arai-7,fl:h_ln:yamadera-2,1,0.9994714523645574
7,fl:i_ln:arai-7,fl:m_ln:kurosu-6,1,0.9994264013932925
8,fl:i_ln:arai-7,fl:t_ln:imaide-1,1,0.9994738370475686
9,fl:i_ln:arai-7,fl:h_ln:koizumi-19,1,0.9991333126334404
10,fl:i_ln:arai-7,fl:m_ln:tanaka-7,1,0.999140552006008
11,fl:i_ln:arai-7,fl:t_ln:hoshino-35,1,0.9994050232179981
12,fl:i_ln:arai-7,fl:m_ln:ohsawa-2,1,0.9993897713917026
13,fl:i_ln:arai-7,fl:e_ln:yamazaki-8,1,0.999433409925818
14,fl:i_ln:arai-7,fl:i_ln:arai-7,0,1.0
27,fl:i_ln:arai-7,fl:m_ln:mori-94,3,0.5571262318153951
30,fl:i_ln:arai-7,fl:t_ln:yamazaki-105,3,0.5535685118727753
34,fl:i_ln:arai-7,fl:t_ln:fukuta-12,3,0.4635201335160978
35,fl:i_ln:arai-7,fl:m_ln:koike-5,3,0.4642645067096782
36,fl:i_ln:arai-7,fl:o_ln:nasu-1,3,0.46043108229702745
37,fl:i_ln:arai-7,fl:k_ln:minami-31,3,0.47676651124991065
38,fl:i_ln:arai-7,fl:j_ln:sukeno-1,3,0.4767080037310609
53,fl:i_ln:arai-7,fl:g_ln:thome-1,3,0.2220019597988533
81,fl:i_ln:arai-7,fl:s_ln:yamato-8,3,0.6439876044987635
82,fl:i_ln:arai-7,fl:t_ln:hibino-13,3,0.6366672059713253
93,fl:i_ln:arai-7,fl:o_ln:gachignard-1,3,0.5716182312013063
94,fl:i_ln:arai-7,fl:f_ln:houmeau-1,3,0.5696775981479077
95,fl:i_ln:arai-7,fl:a_ln:leyreloup-1,3,0.5620053392205092
96,fl:i_ln:arai-7,fl:a_ln:shook-2,3,0.49601282154622606
97,fl:i_ln:arai-7,fl:s_ln:campbell-100,3,0.4928334643169727
98,fl:i_ln:arai-7,fl:a_ln:ivory-2,3,0.5006152739777974
99,fl:i_ln:arai-7,fl:e_ln:burckart-2,3,0.5028360553094349
110,fl:i_ln:arai-7,fl:s_ln:suzuki-234,3,0.2868482575663587
111,fl:i_ln:arai-7,fl:b_ln:van steenbrugge-1,3,0.38914306025634293
127,fl:i_ln:arai-7,fl:j_ln:barker-64,3,0.6996780031785951
128,fl:i_ln:arai-7,fl:e_ln:richard-4,3,0.7106550205065127
129,fl:i_ln:arai-7,fl:k_ln:brusky-1,3,0.7134056892534976
130,fl:i_ln:arai-7,fl:m_ln:mcgraw-2,3,0.7059322045684561
131,fl:i_ln:arai-7,fl:r_ln:williamson-4,3,0.7147412789397537
132,fl:i_ln:arai-7,fl:d_ln:johnson-299,3,0.7196852046269097
133,fl:i_ln:arai-7,fl:c_ln:voltz-2,3,0.7124402914248764
139,fl:i_ln:arai-7,fl:j_ln:nadan-1,3,0.47293473999009206
145,fl:i_ln:arai-7,fl:t_ln:mochida-4,3,0.27542584147253324
165,fl:i_ln:arai-7,fl:t_ln:parks-2,3,0.34595758657492937
176,fl:i_ln:arai-7,fl:b_ln:bilbrey-2,3,0.40615938144542807
179,fl:i_ln:arai-7,fl:j_ln:frederiksen-8,3,0.4480988084791788
190,fl:i_ln:arai-7,fl:h_ln:welmer-1,3,0.39348891486079207
205,fl:i_ln:arai-7,fl:j_ln:cohen-39,3,0.21713777018175429
206,fl:i_ln:arai-7,fl:m_ln:mills-23,3,0.22067959212652433
229,fl:i_ln:arai-7,fl:y_ln:kim-821,3,0.5838772815143332
233,fl:i_ln:arai-7,fl:r_ln:wood-89,3,0.5005359173717235
251,fl:i_ln:arai-7,fl:p_ln:yosim-1,3,0.2075977805495388
263,fl:i_ln:arai-7,fl:d_ln:sturgeon-4,3,0.7226526222781028
264,fl:i_ln:arai-7,fl:m_ln:vaughan-4,3,0.7153924093711795
306,fl:i_ln:arai-7,fl:m_ln:rengan-1,3,0.44355187766236104
307,fl:i_ln:arai-7,fl:m_ln:flinders-4,3,0.4455072395038543
308,fl:i_ln:arai-7,fl:a_ln:hawes-3,3,0.45503399417840174
309,fl:i_ln:arai-7,1q0eegzm6lsvnst5rmhn03syi,3,0.4501485261356688
314,fl:i_ln:arai-7,fl:d_ln:metz-7,3,0.2920442570274573
356,fl:i_ln:arai-7,fl:j_ln:goodart-2,3,0.44892704316800935
369,fl:i_ln:arai-7,fl:s_ln:yamaoka-21,3,0.2121369066578498
394,fl:i_ln:arai-7,fl:y_ln:yamamoto-51,3,0.48509459574799707
408,fl:i_ln:arai-7,fl:j_ln:shields-37,3,0.5802376647282483
422,fl:i_ln:arai-7,fl:k_ln:yoshizawa-30,3,0.4738628991482202
458,fl:i_ln:arai-7,fl:j_ln:someya-1,3,0.44061567478683716
469,fl:i_ln:arai-7,fl:h_ln:furukawa-17,3,0.4004868031057145
496,fl:i_ln:arai-7,fl:a_ln:ohba-6,3,0.5315699955725909
497,fl:i_ln:arai-7,fl:h_ln:segawa-14,3,0.5323431918027193
520,fl:i_ln:arai-7,fl:t_ln:matono-2,3,0.44406082126651736
525,fl:i_ln:arai-7,fl:h_ln:nishijima-8,3,0.4691859177325197
529,fl:i_ln:arai-7,fl:k_ln:washino-7,3,0.41072232192269853
530,fl:i_ln:arai-7,fl:b_ln:schwab-7,3,0.40611605884108104
536,fl:i_ln:arai-7,fl:r_ln:gove-2,3,0.25420044742871994
562,fl:i_ln:arai-7,fl:m_ln:deering-1,3,0.5244552107321274
573,fl:i_ln:arai-7,fl:h_ln:sugiura-20,3,0.28903012937789496
574,fl:i_ln:arai-7,fl:s_ln:kagawa-7,3,0.29231280618891486
575,fl:i_ln:arai-7,fl:g_ln:bayramoglu-1,3,0.21507578048403264
576,fl:i_ln:arai-7,fl:h_ln:d'souza-2,3,0.21302632403832478
577,fl:i_ln:arai-7,fl:r_ln:burnett-15,3,0.3264428574270847
578,fl:i_ln:arai-7,fl:f_ln:herbert-6,3,0.32383300967798556
579,fl:i_ln:arai-7,fl:d_ln:caldwell-52,3,0.31750341497595547
580,fl:i_ln:arai-7,fl:h_ln:oh-121,3,0.5105743218583559
581,fl:i_ln:arai-7,fl:m_ln:jang-61,3,0.5019928769048678
585,fl:i_ln:arai-7,fl:k_ln:uh-1,3,0.5470821955631524
601,fl:i_ln:arai-7,fl:t_ln:fujita-91,3,0.6260948382349343
602,fl:i_ln:arai-7,fl:r_ln:iguchi-2,3,0.6315769644263208
604,fl:i_ln:arai-7,fl:m_ln:torigoe-3,3,0.629051652027417
614,fl:i_ln:arai-7,fl:k_ln:parulski-1,3,0.49230741110929244
615,fl:i_ln:arai-7,fl:m_ln:shiomi-14,3,0.2834540474713163
618,fl:i_ln:arai-7,fl:k_ln:tomizawa-11,3,0.5759103431659921
620,fl:i_ln:arai-7,fl:m_ln:stern-6,3,0.5913002260252265
621,fl:i_ln:arai-7,fl:p_ln:heynen-2,3,0.6086481784704001
622,fl:i_ln:arai-7,fl:w_ln:feth-1,3,0.6063871860905805
623,fl:i_ln:arai-7,fl:a_ln:bryant-8,3,0.6093755621880954
624,fl:i_ln:arai-7,fl:m_ln:goldeen-1,3,0.6045737203523515
630,fl:i_ln:arai-7,fl:t_ln:fujine-2,3,0.27789242707838924
632,fl:i_ln:arai-7,fl:m_ln:ishida-56,3,0.5475652596688123
634,fl:i_ln:arai-7,fl:t_ln:kurumisawa-2,3,0.5421578293908261
659,fl:i_ln:arai-7,fl:t_ln:mitsunaga-17,3,0.709311552569488
671,fl:i_ln:arai-7,fl:e_ln:ogawa-7,3,0.534505481041003
675,fl:i_ln:arai-7,fl:b_ln:feth-1,3,0.6027078788647037
676,fl:i_ln:arai-7,fl:m_ln:stern-7,3,0.5953810045809929
677,fl:i_ln:arai-7,fl:n_ln:kato-35,3,0.4647590683157854
678,fl:i_ln:arai-7,fl:t_ln:deguchi-12,3,0.47552046928847447
679,fl:i_ln:arai-7,fl:d_ln:caldwell-49,3,0.3159446303261657
701,fl:i_ln:arai-7,fl:g_ln:braudaway-1,3,0.33363986312113303
702,fl:i_ln:arai-7,fl:h_ln:delp-1,3,0.33363514140955575
719,fl:i_ln:arai-7,fl:h_ln:usui-24,3,0.3146670787201723
720,fl:i_ln:arai-7,fl:p_ln:shintani-1,3,0.3169758406022447
728,fl:i_ln:arai-7,fl:r_ln:blair-31,3,0.5541551812077398
729,fl:i_ln:arai-7,fl:k_ln:noesen-1,3,0.5594169306320824
730,fl:i_ln:arai-7,fl:f_ln:canova-2,3,0.5620593429648005
738,fl:i_ln:arai-7,fl:t_ln:kondo-120,3,0.35816904480008094
739,fl:i_ln:arai-7,fl:d_ln:lum-1,3,0.5337655903116626
740,fl:i_ln:arai-7,fl:y_ln:chan-207,3,0.5227653636129542
752,fl:i_ln:arai-7,fl:s_ln:gettemy-1,3,0.5172458618189353
753,fl:i_ln:arai-7,fl:r_ln:flores-23,3,0.5427330348222473
754,fl:i_ln:arai-7,fl:s_ln:fraser-30,3,0.5091934687703459
790,fl:i_ln:arai-7,fl:a_ln:morita-26,3,0.33053873215419993
814,fl:i_ln:arai-7,fl:o_ln:kobayashi-4,3,0.5872034754862491
869,fl:i_ln:arai-7,fl:h_ln:chen-112,3,0.2782810159363167
870,fl:i_ln:arai-7,fl:z_ln:lin-95,3,0.29514819492084154
878,fl:i_ln:arai-7,fl:b_ln:jeon-101,3,0.5479850699853882
954,fl:i_ln:arai-7,fl:a_ln:macinnis-1,3,0.6496366163117957
982,fl:i_ln:arai-7,fl:d_ln:neuman-4,3,0.44598911943517916
988,fl:i_ln:arai-7,fl:s_ln:fujiwara-81,3,0.2863790858030427
989,fl:i_ln:arai-7,fl:s_ln:akaiwa-1,3,0.2794204182697726
994,fl:i_ln:arai-7,fl:g_ln:agnoli-2,3,0.37002518623193814
1005,fl:i_ln:arai-7,fl:c_ln:park-235,3,0.2938354559217693
1006,fl:i_ln:arai-7,fl:d_ln:lee-238,3,0.3195550356413819
1008,fl:i_ln:arai-7,fl:d_ln:oakley-11,3,0.39596741985382633
1014,fl:i_ln:arai-7,fl:k_ln:maeda-79,3,0.509562816149224
1070,fl:i_ln:arai-7,fl:s_ln:torikoshi-2,3,0.4614088255611559
1073,fl:i_ln:arai-7,fl:t_ln:eda-4,3,0.4673175557877607
1075,fl:i_ln:arai-7,fl:k_ln:katsumata-4,3,0.46582929200663914
1136,fl:i_ln:arai-7,fl:z_ln:zhuang-43,3,0.2365314015114094
1207,fl:i_ln:arai-7,fl:m_ln:sezan-1,3,0.4875222506483117
1212,fl:i_ln:arai-7,fl:g_ln:itoh-1,3,0.49549068042780964
1220,fl:i_ln:arai-7,fl:j_ln:kim-1462,3,0.2368019938017628
1249,fl:i_ln:arai-7,fl:d_ln:hsu-12,3,0.5035807077046849
1290,fl:i_ln:arai-7,fl:m_ln:rumreich-1,3,0.510577196951388
1296,fl:i_ln:arai-7,fl:n_ln:woodall-3,3,0.3811543942282769
1339,fl:i_ln:arai-7,fl:s_ln:kumada-4,3,0.25176436058227114
1354,fl:i_ln:arai-7,fl:t_ln:brase-1,3,0.7133532202295043
1365,fl:i_ln:arai-7,fl:s_ln:harrington-21,3,0.3474591716458203
1385,fl:i_ln:arai-7,fl:t_ln:kim-146,3,0.5784276574305999
1548,fl:i_ln:arai-7,fl:n_ln:fujiwara-20,3,0.3628851290303501
1756,fl:i_ln:arai-7,fl:m_ln:kageyama-23,3,0.41835305414118285
1758,fl:i_ln:arai-7,fl:k_ln:inata-2,3,0.4448254956858535
2058,fl:i_ln:arai-7,fl:a_ln:hatakeyama-5,3,0.38066221395367905
2059,fl:i_ln:arai-7,fl:s_ln:komatsu-31,3,0.44651767115084395
0,fl:m_ln:garcia-67,fl:b_ln:le bescond de coatpont-1,1,0.9991220742013763
1,fl:m_ln:garcia-67,fl:r_ln:alam-5,1,0.9991350068895458
2,fl:m_ln:garcia-67,fl:m_ln:garcia-67,0,1.0
24,fl:m_ln:garcia-67,fl:d_ln:pham-5,3,0.3950613998321568
229,fl:m_ln:garcia-67,fl:s_ln:hoffberg-1,3,0.3580992730417949
0,fl:a_ln:sharma-60,fl:p_ln:li-46,1,0.9995094420447361
1,fl:a_ln:sharma-60,fl:x_ln:li-619,1,0.9994593916232752
2,fl:a_ln:sharma-60,fl:c_ln:wan-17,1,0.9997099895990653
3,fl:a_ln:sharma-60,fl:a_ln:sharma-60,0,1.0
4,fl:a_ln:sharma-60,fl:x_ln:fan-76,1,0.9992636201831924
31,fl:a_ln:sharma-60,fl:s_ln:lim-184,3,0.36774576573759754
66,fl:a_ln:sharma-60,fl:x_ln:feng-58,2,0.4620221376592444
68,fl:a_ln:sharma-60,fl:x_ln:xu-292,2,0.6120282865477078
69,fl:a_ln:sharma-60,fl:p_ln:van beek-3,2,0.634719175836995
102,fl:a_ln:sharma-60,fl:s_ln:lin-770,3,0.3681192421194539
109,fl:a_ln:sharma-60,fl:a_ln:ochi-6,3,0.4108559112366692
154,fl:a_ln:sharma-60,fl:c_ln:brown-127,3,0.4002378866239863
160,fl:a_ln:sharma-60,fl:d_ln:jerdev-1,3,0.3453955355668774
161,fl:a_ln:sharma-60,fl:i_ln:ovsiannikov-1,3,0.3418371856640654
162,fl:a_ln:sharma-60,fl:x_ln:zhang-159,3,0.4539666926822823
166,fl:a_ln:sharma-60,fl:t_ln:nakamura-198,3,0.35918246300977275
177,fl:a_ln:sharma-60,fl:a_ln:fadell-1,3,0.483026664649694
229,fl:a_ln:sharma-60,fl:t_ln:koizumi-42,3,0.3850501939529688
254,fl:a_ln:sharma-60,fl:m_ln:keith-20,3,0.45759003814787325
255,fl:a_ln:sharma-60,fl:t_ln:cheng-140,3,0.5417912311457437
275,fl:a_ln:sharma-60,fl:j_ln:allebach-2,3,0.4949056905549356
286,fl:a_ln:sharma-60,fl:g_ln:avinash-1,3,0.39964085849676145
319,fl:a_ln:sharma-60,fl:j_ln:ahn-204,3,0.4758402239925197
349,fl:a_ln:sharma-60,fl:t_ln:itano-6,3,0.39555400838992494
369,fl:a_ln:sharma-60,fl:w_ln:choe-6,3,0.5113961372867745
386,fl:a_ln:sharma-60,fl:u_ln:kinrot-1,3,0.35439978034488595
389,fl:a_ln:sharma-60,fl:n_ln:cohen-22,3,0.2812972137576475
445,fl:a_ln:sharma-60,fl:s_ln:krueger-5,2,0.5433651232642616
450,fl:a_ln:sharma-60,fl:r_ln:michelet-1,2,0.5344294518917893
451,fl:a_ln:sharma-60,fl:d_ln:novotney-1,2,0.5407037634190911
452,fl:a_ln:sharma-60,fl:j_ln:dorogusker-1,2,0.5437583280576457
460,fl:a_ln:sharma-60,fl:j_ln:hammerstrom-2,3,0.5386858626795872
462,fl:a_ln:sharma-60,fl:s_ln:forstall-1,2,0.48195817023304977
465,fl:a_ln:sharma-60,fl:p_ln:coffman-7,3,0.5333426194010108
480,fl:a_ln:sharma-60,fl:d_ln:tupman-3,2,0.4995415487123097
481,fl:a_ln:sharma-60,fl:b_ln:corlett-1,2,0.5787701532299798
494,fl:a_ln:sharma-60,fl:w_ln:yao-29,3,0.5559044738637824
495,fl:a_ln:sharma-60,fl:w_ln:chen-708,3,0.5643884530691536
496,fl:a_ln:sharma-60,fl:j_ln:allegrucci-3,2,0.5831452632446482
497,fl:a_ln:sharma-60,fl:u_ln:barnhoefer-1,3,0.5748191837626329
498,fl:a_ln:sharma-60,fl:v_ln:alessi-1,3,0.5751747384166573
510,fl:a_ln:sharma-60,fl:s_ln:gettemy-1,2,0.5358033231046762
511,fl:a_ln:sharma-60,fl:a_ln:hodge-6,3,0.4974112682001339
512,fl:a_ln:sharma-60,fl:g_ln:bar-nahum-1,3,0.5076137060198299
546,fl:a_ln:sharma-60,fl:j_ln:choquette-1,2,0.5011158377200902
592,fl:a_ln:sharma-60,fl:j_ln:medeiros-10,3,0.47125418615427384
593,fl:a_ln:sharma-60,fl:b_ln:slack-1,3,0.46644480062236315
594,fl:a_ln:sharma-60,fl:a_ln:crumlin-1,3,0.46171787537491005
595,fl:a_ln:sharma-60,fl:a_ln:leiba-2,3,0.46490750637048683
603,fl:a_ln:sharma-60,fl:b_ln:dixon-11,3,0.4353478793621497
604,fl:a_ln:sharma-60,fl:w_ln:allen-29,3,0.44832831170008847
605,fl:a_ln:sharma-60,fl:m_ln:pate-2,3,0.43858413452835054
624,fl:a_ln:sharma-60,fl:p_ln:kessler-8,3,0.44636652891843553
625,fl:a_ln:sharma-60,fl:b_ln:andre-3,3,0.4402256938204645
636,fl:a_ln:sharma-60,fl:n_ln:fujinawa-1,3,0.4475819470021778
644,fl:a_ln:sharma-60,fl:o_ln:kalevo-1,3,0.6069981414614315
657,fl:a_ln:sharma-60,fl:y_ln:kobayashi-100,3,0.455748963180473
663,fl:a_ln:sharma-60,fl:d_ln:falkenburg-2,3,0.4705332532590162
667,fl:a_ln:sharma-60,fl:j_ln:chen-946,3,0.4620230244734459
668,fl:a_ln:sharma-60,fl:a_ln:pance-2,3,0.4713041622587414
675,fl:a_ln:sharma-60,fl:a_ln:blake-10,3,0.5884503011248197
682,fl:a_ln:sharma-60,fl:d_ln:gere-1,3,0.3185832024631443
683,fl:a_ln:sharma-60,fl:r_ln:ulichney-1,3,0.47980240613825464
726,fl:a_ln:sharma-60,fl:g_ln:cote-13,3,0.36071391489732685
727,fl:a_ln:sharma-60,fl:b_ln:bilbrey-2,3,0.3261435068105808
728,fl:a_ln:sharma-60,fl:r_ln:sukthankar-1,3,0.4584522647372016
729,fl:a_ln:sharma-60,fl:r_ln:stockton-6,3,0.47846511618151055
730,fl:a_ln:sharma-60,fl:m_ln:mullin-1,3,0.46172934097623086
770,fl:a_ln:sharma-60,fl:t_ln:chen-586,3,0.31867318157436086
771,fl:a_ln:sharma-60,fl:c_ln:bronstein-1,3,0.31649002366807544
793,fl:a_ln:sharma-60,fl:j_ln:bechtel-1,3,0.6495928312075704
812,fl:a_ln:sharma-60,fl:r_ln:erhart-2,3,0.5458063666486007
917,fl:a_ln:sharma-60,fl:l_ln:kerofsky-1,3,0.6615285573635178
921,fl:a_ln:sharma-60,fl:g_ln:marcu-2,3,0.4248724747315771
929,fl:a_ln:sharma-60,fl:r_ln:motta-3,3,0.35860604879220603
932,fl:a_ln:sharma-60,fl:m_ln:uyttendaele-3,3,0.5834191673542973
933,fl:a_ln:sharma-60,fl:s_ln:kang-248,3,0.41604168549310916
948,fl:a_ln:sharma-60,fl:d_ln:simon-2,3,0.45683852315593687
1055,fl:a_ln:sharma-60,fl:b_ln:chin-7,3,0.3756454416527075
0,fl:f_ln:dong-19,fl:d_ln:knapp-12,1,0.998669247678024
10,fl:f_ln:dong-19,fl:h_ln:ho-174,1,0.9990466772962607
11,fl:f_ln:dong-19,fl:f_ln:dong-19,0,1.0
25,fl:f_ln:dong-19,fl:j_ln:lewis-64,1,0.9995173843054351
28,fl:f_ln:dong-19,fl:j_ln:savage-23,1,0.9993979645696155
29,fl:f_ln:dong-19,fl:j_ln:luu-4,1,0.9987757552316229
30,fl:f_ln:dong-19,fl:r_ln:bocock-1,1,0.9987343648340925
43,fl:f_ln:dong-19,fl:g_ln:frazier-8,2,0.35178563641918636
44,fl:f_ln:dong-19,fl:c_ln:trent-10,2,0.3477162953109214
46,fl:f_ln:dong-19,fl:c_ln:phillips-1,1,0.9990252350926836
71,fl:f_ln:dong-19,fl:a_ln:dias-8,2,0.9985242595917789
72,fl:f_ln:dong-19,fl:m_ln:malone-28,2,0.9991942732551996
73,fl:f_ln:dong-19,fl:r_ln:frank-30,2,0.9991798926067024
74,fl:f_ln:dong-19,fl:k_ln:chang-131,2,0.9990519713518086
78,fl:f_ln:dong-19,fl:r_ln:kelley-46,3,0.5190901718883509
82,fl:f_ln:dong-19,fl:a_ln:mao-6,2,0.4702555599313436
83,fl:f_ln:dong-19,fl:m_ln:black-37,3,0.47162727536801197
84,fl:f_ln:dong-19,fl:r_ln:komanduri-1,3,0.47123269045417127
85,fl:f_ln:dong-19,fl:d_ln:ramer-1,2,0.46166620531593405
86,fl:f_ln:dong-19,fl:h_ln:maher-1,3,0.460581274196211
87,fl:f_ln:dong-19,fl:j_ln:rains-1,2,0.4738435232692285
88,fl:f_ln:dong-19,fl:r_ln:raj-6,2,0.4597635943512699
168,fl:f_ln:dong-19,fl:m_ln:park-107,3,0.47797248150018534
180,fl:f_ln:dong-19,fl:a_ln:walters-10,3,0.5316774648717325
228,fl:f_ln:dong-19,fl:w_ln:yerazunis-1,3,0.5349108058407869
242,fl:f_ln:dong-19,fl:s_ln:daly-10,3,0.4463958762574367
268,fl:f_ln:dong-19,fl:n_ln:furukawa-24,3,0.3865795046378042
278,fl:f_ln:dong-19,fl:j_ln:park-380,3,0.4795915288952468
279,fl:f_ln:dong-19,fl:k_ln:uh-1,3,0.47737497888775127
326,fl:f_ln:dong-19,fl:l_ln:shapiro-14,3,0.5510080819289763
327,fl:f_ln:dong-19,fl:l_ln:hauck-3,3,0.5535424792016876
2,fl:a_ln:fitzgibbon-2,fl:n_ln:chang-51,3,0.49359193803903323
4,fl:a_ln:fitzgibbon-2,fl:s_ln:lim-184,3,0.5356446360954594
36,fl:a_ln:fitzgibbon-2,fl:a_ln:fitzgibbon-2,0,1.0
51,fl:a_ln:fitzgibbon-2,fl:a_ln:blake-10,2,0.44409415031741073
53,fl:a_ln:fitzgibbon-2,fl:c_ln:rother-2,1,0.4423535064167827
113,fl:a_ln:fitzgibbon-2,fl:c_ln:choi-41,3,0.4836160045370905
125,fl:a_ln:fitzgibbon-2,fl:y_ln:sato-101,3,0.2623941702794117
148,fl:a_ln:fitzgibbon-2,fl:t_ln:sharp-21,1,0.4271387152984947
175,fl:a_ln:fitzgibbon-2,fl:v_ln:kolmogorov-1,2,0.44065516553516604
176,fl:a_ln:fitzgibbon-2,fl:x_ln:tong-12,2,0.5213894475472737
217,fl:a_ln:fitzgibbon-2,fl:m_ln:harville-2,3,0.6289552408620851
257,fl:a_ln:fitzgibbon-2,fl:t_ln:imaide-1,3,0.3764273325568056
389,fl:a_ln:fitzgibbon-2,fl:l_ln:hoffberg-borghesani-1,3,0.29433212216953564
390,fl:a_ln:fitzgibbon-2,fl:s_ln:hoffberg-1,3,0.29963330023752976
441,fl:a_ln:fitzgibbon-2,fl:s_ln:kang-248,2,0.467014019088823
479,fl:a_ln:fitzgibbon-2,fl:n_ln:fujinawa-1,3,0.2646754051353313
490,fl:a_ln:fitzgibbon-2,fl:h_ln:yang-694,3,0.2783488659675082
491,fl:a_ln:fitzgibbon-2,fl:d_ln:holz-1,3,0.28156975285852925
497,fl:a_ln:fitzgibbon-2,fl:k_ln:nakamura-203,3,0.45657137152200356
519,fl:a_ln:fitzgibbon-2,fl:x_ln:wei-98,3,0.38119137325015495
523,fl:a_ln:fitzgibbon-2,fl:a_ln:michail-1,3,0.29788242663832964
524,fl:a_ln:fitzgibbon-2,fl:m_ln:grossman-28,3,0.5899210059165632
555,fl:a_ln:fitzgibbon-2,fl:s_ln:verrall-1,3,0.4655520467792573
556,fl:a_ln:fitzgibbon-2,fl:k_ln:atanassov-1,3,0.4754817658039856
573,fl:a_ln:fitzgibbon-2,fl:z_ln:li-557,3,0.4124051257319796
579,fl:a_ln:fitzgibbon-2,fl:h_ln:lee-1473,3,0.5925172003632428
580,fl:a_ln:fitzgibbon-2,fl:c_ln:lo-99,3,0.5934567595989654
581,fl:a_ln:fitzgibbon-2,fl:c_ln:lee-874,3,0.59466371342337
640,fl:a_ln:fitzgibbon-2,fl:s_ln:frisken-1,3,0.30591246881900735
641,fl:a_ln:fitzgibbon-2,fl:r_ln:perry-18,3,0.30327691065407947
678,fl:a_ln:fitzgibbon-2,fl:k_ln:abbott-12,3,0.2731220130157248
679,fl:a_ln:fitzgibbon-2,fl:d_ln:newell-19,3,0.27165612707671427
705,fl:a_ln:fitzgibbon-2,fl:k_ln:geisner-1,2,0.4818785713894125
708,fl:a_ln:fitzgibbon-2,fl:s_ln:latta-2,2,0.4834904586952147
710,fl:a_ln:fitzgibbon-2,fl:k_ln:dempski-1,3,0.5565724407233704
712,fl:a_ln:fitzgibbon-2,fl:a_ln:ohba-6,3,0.4989846843017799
940,fl:a_ln:fitzgibbon-2,fl:j_ln:ternus-3,3,0.47041611958581087
941,fl:a_ln:fitzgibbon-2,fl:b_ln:rappoport-1,3,0.47957864670873074
942,fl:a_ln:fitzgibbon-2,fl:s_ln:lynch-9,3,0.4642114449757183
944,fl:a_ln:fitzgibbon-2,fl:s_ln:myers-11,3,0.47950688744279135
1028,fl:a_ln:fitzgibbon-2,fl:s_ln:morein-2,3,0.5438523106853532
1051,fl:a_ln:fitzgibbon-2,fl:r_ln:gopalan-7,3,0.5124878190820538
1060,fl:a_ln:fitzgibbon-2,fl:d_ln:wilk-6,3,0.6810654498495337
1061,fl:a_ln:fitzgibbon-2,fl:d_ln:simons-9,3,0.6919790202739583
1062,fl:a_ln:fitzgibbon-2,fl:r_ln:ubillos-2,3,0.5353045950945526
1068,fl:a_ln:fitzgibbon-2,fl:m_ln:uyttendaele-3,2,0.4419982546178065
1069,fl:a_ln:fitzgibbon-2,fl:i_ln:sobel-1,3,0.6259909517920931
1070,fl:a_ln:fitzgibbon-2,fl:p_ln:hubel-1,3,0.533156660389553
1094,fl:a_ln:fitzgibbon-2,fl:b_ln:ferren-1,3,0.570681322794143
1119,fl:a_ln:fitzgibbon-2,fl:k_ln:toyama-24,2,0.4475618072905806
1120,fl:a_ln:fitzgibbon-2,fl:k_ln:toyama-25,2,0.4227100034564881
1145,fl:a_ln:fitzgibbon-2,fl:j_ln:ballantyne-8,3,0.3407303575676899
1159,fl:a_ln:fitzgibbon-2,fl:j_ln:jitkoff-1,3,0.48544748367655643
1173,fl:a_ln:fitzgibbon-2,fl:a_ln:wheeler-27,3,0.263886987310188
1177,fl:a_ln:fitzgibbon-2,fl:l_ln:chi-11,3,0.26385823246678153
1212,fl:a_ln:fitzgibbon-2,fl:j_ln:hull-8,3,0.6062549319917132
1219,fl:a_ln:fitzgibbon-2,fl:s_ln:brown-256,3,0.43025177908064205
1220,fl:a_ln:fitzgibbon-2,fl:d_ln:zhang-159,3,0.4324763705609296
1221,fl:a_ln:fitzgibbon-2,fl:j_ln:schoeller-1,3,0.4425935831668991
1222,fl:a_ln:fitzgibbon-2,fl:m_ln:arvold-1,3,0.4285669083547956
1287,fl:a_ln:fitzgibbon-2,fl:d_ln:knee-2,3,0.306971770075138
1332,fl:a_ln:fitzgibbon-2,fl:s_ln:patel-167,3,0.4768991865847694
1333,fl:a_ln:fitzgibbon-2,fl:d_ln:lin-53,3,0.5003847918362444
1334,fl:a_ln:fitzgibbon-2,fl:d_ln:dabbelt-1,3,0.48383404412418085
1335,fl:a_ln:fitzgibbon-2,fl:m_ln:do-23,3,0.4842620842758236
1336,fl:a_ln:fitzgibbon-2,fl:q_ln:nguyen-51,3,0.47809971623563974
1341,fl:a_ln:fitzgibbon-2,fl:c_ln:nguyen-80,3,0.485804194554447
1342,fl:a_ln:fitzgibbon-2,fl:s_ln:venshtain-1,3,0.4830940260881891
1343,fl:a_ln:fitzgibbon-2,fl:y_ln:zhang-637,3,0.477271197913989
1344,fl:a_ln:fitzgibbon-2,fl:g_ln:dang-5,3,0.48008417561757444
1345,fl:a_ln:fitzgibbon-2,fl:s_ln:patel-175,3,0.475196397876698
1353,fl:a_ln:fitzgibbon-2,fl:g_ln:francisco-7,3,0.47367988652547066
1354,fl:a_ln:fitzgibbon-2,fl:l_ln:dang-21,3,0.4906012484451261
1364,fl:a_ln:fitzgibbon-2,fl:q_ln:nguyen-52,3,0.47882763865641187
1365,fl:a_ln:fitzgibbon-2,fl:e_ln:yarkony-1,3,0.4925622295354317
1384,fl:a_ln:fitzgibbon-2,fl:a_ln:loui-2,3,0.6039641075683724
1410,fl:a_ln:fitzgibbon-2,fl:c_ln:tsikos-1,3,0.6028237786182087
1457,fl:a_ln:fitzgibbon-2,fl:j_ln:paterson-8,1,0.9989179604701253
1458,fl:a_ln:fitzgibbon-2,fl:r_ln:daniel-16,1,0.9989869394148226
1459,fl:a_ln:fitzgibbon-2,fl:d_ln:claus-2,1,0.9993171847779714
1587,fl:a_ln:fitzgibbon-2,fl:d_ln:tretter-2,3,0.4690314263926325
1601,fl:a_ln:fitzgibbon-2,fl:k_ln:tan-44,3,0.6517271084942673
1654,fl:a_ln:fitzgibbon-2,fl:l_ln:wang-300,3,0.5386012707796691
1682,fl:a_ln:fitzgibbon-2,fl:j_ln:robarts-3,3,0.281196179210907
1700,fl:a_ln:fitzgibbon-2,fl:g_ln:flake-2,3,0.5887715108627837
1711,fl:a_ln:fitzgibbon-2,fl:j_ln:platt-9,3,0.5852691686511368
1728,fl:a_ln:fitzgibbon-2,fl:m_ln:bleyer-2,3,0.36014899548012713
1748,fl:a_ln:fitzgibbon-2,fl:r_ln:jota costa-1,3,0.5312228758281915
1769,fl:a_ln:fitzgibbon-2,fl:m_ln:gross-45,3,0.2950658396321416
1779,fl:a_ln:fitzgibbon-2,fl:l_ln:quan-4,3,0.4176565585928702
1797,fl:a_ln:fitzgibbon-2,fl:h_ln:lou-11,3,0.39260910830695284
1803,fl:a_ln:fitzgibbon-2,fl:d_ln:harnett-2,3,0.3931355233794137
1804,fl:a_ln:fitzgibbon-2,fl:p_ln:sweeney-13,3,0.395971699334825
1816,fl:a_ln:fitzgibbon-2,fl:t_ln:mita-10,3,0.6320473572532463
1818,fl:a_ln:fitzgibbon-2,fl:m_ln:baba-41,3,0.41901756198607476
1822,fl:a_ln:fitzgibbon-2,fl:p_ln:masalkar-1,3,0.6048357818059987
1861,fl:a_ln:fitzgibbon-2,fl:j_ln:sun-119,2,0.6765823136522434
1879,fl:a_ln:fitzgibbon-2,fl:a_ln:fuller-17,2,0.5680688057569375
1885,fl:a_ln:fitzgibbon-2,fl:j_ln:galore-1,2,0.5836972433578465
1904,fl:a_ln:fitzgibbon-2,fl:d_ln:mcculloch-3,2,0.4864558487241535
1905,fl:a_ln:fitzgibbon-2,fl:b_ln:mount-3,2,0.47724353273427755
1929,fl:a_ln:fitzgibbon-2,fl:j_ln:tardif-7,3,0.3564676341473212
1969,fl:a_ln:fitzgibbon-2,fl:p_ln:davidson-2,2,0.6142019580976119
2008,fl:a_ln:fitzgibbon-2,fl:k_ln:powell-34,2,0.6105562140993167
2121,fl:a_ln:fitzgibbon-2,fl:b_ln:aguera y arcas-2,3,0.5829949846168804
2144,fl:a_ln:fitzgibbon-2,fl:d_ln:chu-15,3,0.3304942559568531
2196,fl:a_ln:fitzgibbon-2,fl:r_ln:fleck-4,3,0.30672833703891067
2220,fl:a_ln:fitzgibbon-2,fl:p_ln:chou-80,3,0.5265417411430338
2221,fl:a_ln:fitzgibbon-2,fl:g_ln:mullins-4,3,0.5197507752404112
2222,fl:a_ln:fitzgibbon-2,fl:g_ln:wallace-39,3,0.5392297526311263
2223,fl:a_ln:fitzgibbon-2,fl:p_ln:towner-1,3,0.5302611253608014
2224,fl:a_ln:fitzgibbon-2,fl:c_ln:kennedy-8,3,0.5127479201320266
2237,fl:a_ln:fitzgibbon-2,fl:g_ln:shen-26,3,0.4914848380747987
2243,fl:a_ln:fitzgibbon-2,fl:s_ln:liu-361,3,0.6619063395156973
2250,fl:a_ln:fitzgibbon-2,fl:j_ln:xie-34,3,0.4062250249807715
2290,fl:a_ln:fitzgibbon-2,fl:b_ln:bickel-3,2,0.30127672615015033
2293,fl:a_ln:fitzgibbon-2,fl:b_ln:thomaszewski-1,2,0.3128535847352658
2294,fl:a_ln:fitzgibbon-2,fl:d_ln:demandolx-1,2,0.36555471267865114
2305,fl:a_ln:fitzgibbon-2,fl:m_ln:gangnet-1,2,0.4073275681398395
2306,fl:a_ln:fitzgibbon-2,fl:p_ln:perez-18,2,0.399688274022862
0,fl:v_ln:vemulapalli-2,fl:d_ln:izotov-1,1,0.998903774153718
13,fl:v_ln:vemulapalli-2,fl:v_ln:vemulapalli-2,0,1.0
27,fl:v_ln:vemulapalli-2,fl:i_ln:sobel-1,3,0.3655402110077641
28,fl:v_ln:vemulapalli-2,fl:a_ln:fitzhugh-2,3,0.3689599091438902
29,fl:v_ln:vemulapalli-2,fl:d_ln:gelb-2,3,0.3696534489708998
30,fl:v_ln:vemulapalli-2,fl:m_ln:harville-2,3,0.3780478101407596
0,fl:j_ln:mallis-1,fl:p_ln:nathan-8,1,0.9994314791998323
1,fl:j_ln:mallis-1,fl:m_ln:meadows-4,1,0.999207975289931
2,fl:j_ln:mallis-1,fl:c_ln:cox-18,1,0.9993304547649755
3,fl:j_ln:mallis-1,fl:f_ln:leibert-1,1,0.9993333653169696
4,fl:j_ln:mallis-1,fl:j_ln:mallis-1,0,1.0
36,fl:j_ln:mallis-1,fl:s_ln:daly-10,3,0.6178224890392586
0,fl:d_ln:bittel-2,fl:r_ln:bastos-1,1,0.9944666228243721
3,fl:d_ln:bittel-2,fl:b_ln:cabral-2,3,0.8615300988977266
4,fl:d_ln:bittel-2,fl:e_ln:kilgariff-1,2,0.8641989979219644
6,fl:d_ln:bittel-2,fl:m_ln:kilgard-1,1,0.9985913489726079
10,fl:d_ln:bittel-2,fl:e_ln:lum-2,2,0.9497768687505915
13,fl:d_ln:bittel-2,fl:c_ln:rouet-1,1,0.9978865844581755
16,fl:d_ln:bittel-2,fl:j_ln:danskin-1,3,0.7583124544668775
18,fl:d_ln:bittel-2,fl:h_ln:moreton-1,2,0.9539687336293051
19,fl:d_ln:bittel-2,fl:d_ln:kirk-32,3,0.888861024982617
21,fl:d_ln:bittel-2,fl:c_ln:amsinck-1,1,0.9981398671382048
22,fl:d_ln:bittel-2,fl:s_ln:molnar-1,2,0.9470842335655264
23,fl:d_ln:bittel-2,fl:j_ln:dunaisky-1,2,0.9828589188192007
25,fl:d_ln:bittel-2,fl:j_ln:rhoades-2,2,0.9982616734743521
26,fl:d_ln:bittel-2,fl:j_ln:tynefield-1,2,0.9966940304371943
27,fl:d_ln:bittel-2,fl:a_ln:tao-10,2,0.9980294248455597
29,fl:d_ln:bittel-2,fl:z_ln:hakura-1,2,0.9346029860475552
30,fl:d_ln:bittel-2,fl:m_ln:toksvig-1,3,0.8760799220780128
31,fl:d_ln:bittel-2,fl:r_ln:allen-75,2,0.8993763566910327
32,fl:d_ln:bittel-2,fl:s_ln:treichler-1,3,0.8292710109690078
33,fl:d_ln:bittel-2,fl:c_ln:wittenbrink-1,2,0.9198055907440329
34,fl:d_ln:bittel-2,fl:g_ln:tarolli-1,3,0.8623391550672702
35,fl:d_ln:bittel-2,fl:j_ln:duluk-1,1,0.9909526533899007
41,fl:d_ln:bittel-2,fl:b_ln:schneider-4,2,0.9406282624780743
45,fl:d_ln:bittel-2,fl:w_ln:donovan-3,2,0.8242316544687661
48,fl:d_ln:bittel-2,fl:d_ln:bittel-2,0,1.0
49,fl:d_ln:bittel-2,fl:j_ln:detmer-1,1,0.9944358465435214
50,fl:d_ln:bittel-2,fl:p_ln:souillot-1,1,0.9982007658812371
51,fl:d_ln:bittel-2,fl:d_ln:kirkland-1,1,0.9983369207696087
52,fl:d_ln:bittel-2,fl:w_ln:mcknight-2,1,0.9912560576601076
53,fl:d_ln:bittel-2,fl:s_ln:lew-3,3,0.796310571108509
58,fl:d_ln:bittel-2,fl:j_ln:legakis-1,3,0.9232488947018072
61,fl:d_ln:bittel-2,fl:n_ln:kulshrestha-1,2,0.9883293621736405
63,fl:d_ln:bittel-2,fl:a_ln:minkin-4,3,0.8517246438786179
72,fl:d_ln:bittel-2,fl:d_ln:mcallister-3,2,0.9777221188130222
74,fl:d_ln:bittel-2,fl:j_ln:montrym-1,3,0.8869697226505464
78,fl:d_ln:bittel-2,fl:f_ln:crow-1,2,0.9109654952559431
79,fl:d_ln:bittel-2,fl:m_ln:french-21,2,0.9690197707096059
80,fl:d_ln:bittel-2,fl:w_ln:xu-85,2,0.9690267417008861
81,fl:d_ln:bittel-2,fl:d_ln:wilde-7,2,0.9638876601256223
86,fl:d_ln:bittel-2,fl:w_ln:steiner-1,2,0.9160179368289509
91,fl:d_ln:bittel-2,fl:c_ln:cheng-555,3,0.8616188877353056
92,fl:d_ln:bittel-2,fl:e_ln:hutchins-4,3,0.885455181980881
93,fl:d_ln:bittel-2,fl:j_ln:o'connor-39,2,0.9339512214219108
94,fl:d_ln:bittel-2,fl:b_ln:hutsell-1,3,0.8648940980895201
95,fl:d_ln:bittel-2,fl:j_ln:edmondson-5,3,0.9236314197896288
96,fl:d_ln:bittel-2,fl:g_ln:king-15,3,0.89225818950005
97,fl:d_ln:bittel-2,fl:d_ln:glasco-1,3,0.9197382416128542
98,fl:d_ln:bittel-2,fl:r_ln:stoll-1,3,0.9553891614705112
99,fl:d_ln:bittel-2,fl:d_ln:dietrich-2,3,0.9001614094829594
100,fl:d_ln:bittel-2,fl:a_ln:de waal-1,3,0.8422973175124182
101,fl:d_ln:bittel-2,fl:p_ln:holmqvist-2,2,0.935572933868715
102,fl:d_ln:bittel-2,fl:d_ln:voorhies-2,2,0.9054339975449739
123,fl:d_ln:bittel-2,fl:v_ln:arnold-5,3,0.5118176701754651
131,fl:d_ln:bittel-2,fl:j_ln:bratt-1,3,0.5468787095736646
133,fl:d_ln:bittel-2,fl:m_ln:diamond-12,3,0.7961016807534814
136,fl:d_ln:bittel-2,fl:s_ln:go-7,3,0.5237975608551061
165,fl:d_ln:bittel-2,fl:j_ln:van dyke-5,3,0.8205345314976589
171,fl:d_ln:bittel-2,fl:p_ln:johnson-4,3,0.7569179346971817
188,fl:d_ln:bittel-2,fl:k_ln:roden-1,2,0.9430154317872279
201,fl:d_ln:bittel-2,fl:j_ln:choquette-1,3,0.5099744774084746
206,fl:d_ln:bittel-2,fl:j_ln:alben-1,3,0.7705371087214198
209,fl:d_ln:bittel-2,fl:g_ln:shelton-19,3,0.5451148532144461
211,fl:d_ln:bittel-2,fl:w_ln:lazenby-2,3,0.545939937366335
226,fl:d_ln:bittel-2,fl:j_ln:sewall-2,3,0.9084577643752388
237,fl:d_ln:bittel-2,fl:c_ln:donham-1,3,0.8791323979252799
242,fl:d_ln:bittel-2,fl:c_ln:case-14,3,0.41986391079136154
246,fl:d_ln:bittel-2,fl:j_ln:goossen-4,3,0.500582827141242
247,fl:d_ln:bittel-2,fl:a_ln:godfrey-5,3,0.48831266111901295
248,fl:d_ln:bittel-2,fl:a_ln:munshi-4,3,0.6653642909925197
249,fl:d_ln:bittel-2,fl:r_ln:schreyer-1,3,0.6540397243646372
250,fl:d_ln:bittel-2,fl:r_ln:taylor-62,3,0.6539571353674923
251,fl:d_ln:bittel-2,fl:j_ln:hensley-14,3,0.6562374343909575
252,fl:d_ln:bittel-2,fl:t_ln:potter-3,3,0.6694041694420083
257,fl:d_ln:bittel-2,fl:r_ln:kenney-10,3,0.6527892969682833
260,fl:d_ln:bittel-2,fl:g_ln:yeh-15,3,0.41141278950070803
264,fl:d_ln:bittel-2,fl:d_ln:auld-6,3,0.41509337290067405
269,fl:d_ln:bittel-2,fl:b_ln:alcorn-3,3,0.4840311132043369
272,fl:d_ln:bittel-2,fl:m_ln:deering-1,3,0.24030808986850283
273,fl:d_ln:bittel-2,fl:m_ln:lavelle-4,3,0.23404895537643067
280,fl:d_ln:bittel-2,fl:l_ln:lumelsky-1,3,0.640023056677005
282,fl:d_ln:bittel-2,fl:m_ln:swift-10,3,0.6484808540656929
283,fl:d_ln:bittel-2,fl:a_ln:delaurier-1,3,0.6561527427812196
284,fl:d_ln:bittel-2,fl:o_ln:anderson-11,3,0.6510751494500265
0,fl:k_ln:kamei-31,fl:t_ln:goto-53,1,0.9988667444222308
1,fl:k_ln:kamei-31,fl:m_ln:muramatsu-25,1,0.99935621967943
2,fl:k_ln:kamei-31,fl:k_ln:kamei-31,0,1.0
3,fl:k_ln:kamei-31,fl:m_ln:ando-80,1,0.9991911262513794
207,fl:k_ln:kamei-31,fl:e_ln:o'donnell-2,3,0.5345199064757027
208,fl:k_ln:kamei-31,fl:k_ln:sarayeddine-1,3,0.5472993081991435
209,fl:k_ln:kamei-31,fl:l_ln:blonde-1,3,0.5441549497231408
210,fl:k_ln:kamei-31,fl:h_ln:sakata-22,3,0.5940212412597591
211,fl:k_ln:kamei-31,fl:h_ln:iisaka-1,3,0.5876065068530929
212,fl:k_ln:kamei-31,fl:s_ln:yoshida-98,3,0.5929840630841997
217,fl:k_ln:kamei-31,fl:y_ln:kurosaka-1,3,0.6506523714370861
218,fl:k_ln:kamei-31,fl:s_ln:yoshii-10,3,0.655746280794967
219,fl:k_ln:kamei-31,fl:d_ln:gorny-2,3,0.5716950074019587
220,fl:k_ln:kamei-31,fl:n_ln:wainwright-4,3,0.5660920972005664
221,fl:k_ln:kamei-31,fl:m_ln:richards-32,3,0.5721442252232549
222,fl:k_ln:kamei-31,fl:d_ln:dewald-2,3,0.5680906379458083
228,fl:k_ln:kamei-31,fl:m_ln:yonekubo-1,3,0.38053764013029046
229,fl:k_ln:kamei-31,fl:s_ln:kamijima-3,3,0.3637945519791925
231,fl:k_ln:kamei-31,fl:b_ln:dresevic-1,3,0.4664529228358558
232,fl:k_ln:kamei-31,fl:w_ln:hill-18,3,0.5291721188681728
233,fl:k_ln:kamei-31,fl:j_ln:platt-9,3,0.53152211138432
234,fl:k_ln:kamei-31,fl:j_ln:whitted-1,3,0.5253002144223798
235,fl:k_ln:kamei-31,fl:l_ln:keely-4,3,0.5289754834445796
236,fl:k_ln:kamei-31,fl:g_ln:hitchcock-4,3,0.5399208231539758
373,fl:k_ln:kamei-31,fl:j_ln:nielsen-119,3,0.5682092494036345
377,fl:k_ln:kamei-31,fl:s_ln:nakayama-39,3,0.6020640009585368
414,fl:k_ln:kamei-31,fl:h_ln:kwon-143,3,0.6112165780922248
672,fl:k_ln:kamei-31,fl:s_ln:yamazaki-100,3,0.44734369790273987
782,fl:k_ln:kamei-31,fl:k_ln:piersol-1,3,0.4114027447541153
790,fl:k_ln:kamei-31,fl:t_ln:kondo-120,3,0.26954471300357796
8,fl:m_ln:hiroki-10,fl:r_ln:gove-2,3,0.5447268696646015
10,fl:m_ln:hiroki-10,fl:m_ln:deering-1,3,0.4278695923691105
13,fl:m_ln:hiroki-10,fl:t_ln:kimpe-1,3,0.4066466068242337
14,fl:m_ln:hiroki-10,fl:j_ln:koyama-9,2,0.9984636789746171
55,fl:m_ln:hiroki-10,fl:a_ln:mase-4,1,0.9988868202010939
56,fl:m_ln:hiroki-10,fl:s_ln:yamazaki-100,1,0.9978386171971372
57,fl:m_ln:hiroki-10,fl:m_ln:hiroki-10,0,1.0
67,fl:m_ln:hiroki-10,fl:h_ln:kimura-92,2,0.9982659648960386
68,fl:m_ln:hiroki-10,fl:f_ln:ishi-1,2,0.9993765665215664
69,fl:m_ln:hiroki-10,fl:y_ln:tanada-3,2,0.9987057766963369
70,fl:m_ln:hiroki-10,fl:y_ln:tachimura-1,2,0.9990952447772903
71,fl:m_ln:hiroki-10,fl:a_ln:umezaki-1,2,0.9984062432920598
72,fl:m_ln:hiroki-10,fl:t_ln:takayama-45,2,0.9978792042063505
73,fl:m_ln:hiroki-10,fl:y_ln:hirakata-4,2,0.9988383698724494
82,fl:m_ln:hiroki-10,fl:y_ln:kawasaki-48,2,0.9991857733734713
83,fl:m_ln:hiroki-10,fl:y_ln:arai-80,2,0.9979293558588986
84,fl:m_ln:hiroki-10,fl:k_ln:hayashi-187,2,0.9989513998779583
85,fl:m_ln:hiroki-10,fl:y_ln:kojima-11,2,0.9991915380956965
86,fl:m_ln:hiroki-10,fl:h_ln:shishido-6,2,0.9985060729083183
87,fl:m_ln:hiroki-10,fl:y_ln:yoshida-106,2,0.9986823187078565
88,fl:m_ln:hiroki-10,fl:t_ln:kimishima-3,2,0.99836613689667
100,fl:m_ln:hiroki-10,fl:k_ln:kondo-23,3,0.47035838461393475
178,fl:m_ln:hiroki-10,fl:a_ln:yamaguchi-35,3,0.4505119276693409
221,fl:m_ln:hiroki-10,fl:d_ln:oakley-11,3,0.5375244408427039
227,fl:m_ln:hiroki-10,fl:l_ln:silverstein-2,3,0.4334203081246646
246,fl:m_ln:hiroki-10,fl:m_ln:pimpalkhare-1,3,0.517960009812599
247,fl:m_ln:hiroki-10,fl:k_ln:dharmarajan-2,3,0.5145556647908512
248,fl:m_ln:hiroki-10,fl:c_ln:bassetti-2,3,0.5267614141480721
293,fl:m_ln:hiroki-10,fl:j_ln:alben-1,3,0.3931112886245032
301,fl:m_ln:hiroki-10,fl:g_ln:itoh-1,3,0.45114853543093014
336,fl:m_ln:hiroki-10,fl:k_ln:ho-136,3,0.530297018636241
363,fl:m_ln:hiroki-10,fl:a_ln:sasaki-44,2,0.27820261120816414
366,fl:m_ln:hiroki-10,fl:y_ln:nakamura-117,2,0.2910966788017316
432,fl:m_ln:hiroki-10,fl:m_ln:miyasaka-24,3,0.3978397181537894
574,fl:m_ln:hiroki-10,fl:k_ln:ho-52,3,0.6337531210268609
605,fl:m_ln:hiroki-10,fl:k_ln:takahara-9,3,0.6190907824142801
650,fl:m_ln:hiroki-10,fl:m_ln:sasaki-74,3,0.4689353383962629
712,fl:m_ln:hiroki-10,fl:a_ln:miyaguchi-3,3,0.9979072023244805
772,fl:m_ln:hiroki-10,fl:s_ln:forrest-5,3,0.4129231195631091
777,fl:m_ln:hiroki-10,fl:a_ln:arnold-20,3,0.4797458294154904
779,fl:m_ln:hiroki-10,fl:r_ln:cok-1,3,0.4823403051605756
805,fl:m_ln:hiroki-10,fl:o_ln:nakamura-3,3,0.4966320813718482
810,fl:m_ln:hiroki-10,fl:f_ln:shimoshikiryoh-1,3,0.5844055966263324
827,fl:m_ln:hiroki-10,fl:s_ln:okazaki-23,3,0.5147657951416458
876,fl:m_ln:hiroki-10,fl:a_ln:ishikawa-20,3,0.5695947970591784
900,fl:m_ln:hiroki-10,fl:m_ln:ohsawa-2,3,0.2422872177643156
909,fl:m_ln:hiroki-10,fl:y_ln:sano-41,3,0.24559976335010236
1067,fl:m_ln:hiroki-10,fl:j_ln:jacobs-51,3,0.5108008316161929
1071,fl:m_ln:hiroki-10,fl:d_ln:hente-1,3,0.506665241295363
1126,fl:m_ln:hiroki-10,fl:s_ln:edelson-1,3,0.4110556541922925
1130,fl:m_ln:hiroki-10,fl:m_ln:dean-4,3,0.5330923265826956
1138,fl:m_ln:hiroki-10,fl:r_ln:shaw-36,3,0.6545410059708773
1205,fl:m_ln:hiroki-10,fl:s_ln:seki-36,3,0.5035450646846481
1223,fl:m_ln:hiroki-10,fl:t_ln:hayashi-121,3,0.685112713135258
1259,fl:m_ln:hiroki-10,fl:j_ln:choi-254,3,0.5587071117057323
1260,fl:m_ln:hiroki-10,fl:u_ln:sung-2,3,0.5626478389770011
1261,fl:m_ln:hiroki-10,fl:j_ln:rhee-10,3,0.5615344938685675
1367,fl:m_ln:hiroki-10,fl:k_ln:ono-93,3,0.2546867578042491
1393,fl:m_ln:hiroki-10,fl:k_ln:minami-31,3,0.5313626468698831
1441,fl:m_ln:hiroki-10,fl:t_ln:kondo-120,3,0.5694563708391477
1454,fl:m_ln:hiroki-10,fl:h_ln:walton-9,3,0.38329885697660004
1455,fl:m_ln:hiroki-10,fl:n_ln:smith-58,3,0.38444226551986005
1458,fl:m_ln:hiroki-10,fl:b_ln:broughton-4,3,0.3952047074976841
1492,fl:m_ln:hiroki-10,fl:m_ln:boroson-1,3,0.4702823667553999
1547,fl:m_ln:hiroki-10,fl:j_ln:carter-142,3,0.4693816770349617
1553,fl:m_ln:hiroki-10,fl:a_ln:yamada-15,3,0.479886532952025
1662,fl:m_ln:hiroki-10,fl:k_ln:wakimoto-6,2,0.2956214713690961
1703,fl:m_ln:hiroki-10,fl:j_ln:salerno-1,3,0.5111876104320274
1760,fl:m_ln:hiroki-10,fl:t_ln:yamazaki-105,3,0.29991701130842596
1761,fl:m_ln:hiroki-10,fl:m_ln:mori-94,3,0.2873303152866755
1766,fl:m_ln:hiroki-10,fl:y_ln:yamashita-35,3,0.5919219270530743
1798,fl:m_ln:hiroki-10,fl:y_ln:hayashi-90,3,0.6635589273333384
1806,fl:m_ln:hiroki-10,fl:j_ln:perbet-1,3,0.45464719377432616
1886,fl:m_ln:hiroki-10,fl:r_ln:farwell-1,3,0.6510120068205143
1887,fl:m_ln:hiroki-10,fl:l_ln:shapiro-14,3,0.6484769303701733
1910,fl:m_ln:hiroki-10,fl:d_ln:evanicky-1,3,0.561723690165073
1911,fl:m_ln:hiroki-10,fl:o_ln:medina-2,3,0.5746779047373176
2089,fl:m_ln:hiroki-10,fl:i_ln:gorog-1,3,0.4482169227127444
2103,fl:m_ln:hiroki-10,fl:n_ln:loomis-3,3,0.2503740668388692
2104,fl:m_ln:hiroki-10,fl:c_ln:vieri-1,3,0.26168609911707763
2105,fl:m_ln:hiroki-10,fl:m_ln:jepsen-1,3,0.27036834398611753
2106,fl:m_ln:hiroki-10,fl:s_ln:abercrombie-1,3,0.2588648381170603
2107,fl:m_ln:hiroki-10,fl:c_ln:braley-1,3,0.25583474557699026
2108,fl:m_ln:hiroki-10,fl:b_ln:bastani-2,3,0.2612624971072899
2109,fl:m_ln:hiroki-10,fl:r_ln:atkins-21,3,0.528691978686155
2110,fl:m_ln:hiroki-10,fl:w_ln:stuerzlinger-1,3,0.44471434992023107
2111,fl:m_ln:hiroki-10,fl:g_ln:ward-7,3,0.43155733307409827
2112,fl:m_ln:hiroki-10,fl:l_ln:whitehead-2,3,0.4409210902252356
2113,fl:m_ln:hiroki-10,fl:h_ln:seetzen-1,3,0.45459739633478413
2114,fl:m_ln:hiroki-10,fl:d_ln:graham-68,3,0.44253146891024553
2115,fl:m_ln:hiroki-10,fl:k_ln:ishiguchi-3,3,0.4023691792961659
2117,fl:m_ln:hiroki-10,fl:h_ln:suginohara-1,3,0.4036233001725553
2128,fl:m_ln:hiroki-10,fl:j_ln:stellbrink-1,3,0.5535612503657783
2157,fl:m_ln:hiroki-10,fl:m_ln:kuribayashi-9,3,0.45921822876779794
2166,fl:m_ln:hiroki-10,fl:k_ln:uwatoko-3,3,0.48875575429908613
2167,fl:m_ln:hiroki-10,fl:t_ln:satonaga-3,3,0.49151147599168
2168,fl:m_ln:hiroki-10,fl:n_ln:yamada-47,3,0.4918275109970678
2169,fl:m_ln:hiroki-10,fl:k_ln:adachi-65,3,0.49027034380077494
2170,fl:m_ln:hiroki-10,fl:k_ln:yasukawa-5,3,0.49878204560067996
2198,fl:m_ln:hiroki-10,fl:m_ln:lee-987,3,0.5146242804711854
2251,fl:m_ln:hiroki-10,fl:t_ln:kamiya-39,3,0.5991066094249056
2253,fl:m_ln:hiroki-10,fl:m_ln:yasui-26,3,0.6002834004878527
2271,fl:m_ln:hiroki-10,fl:y_ln:yang-648,3,0.45025385478323
2284,fl:m_ln:hiroki-10,fl:b_ln:jeon-101,3,0.4312082539223281
2286,fl:m_ln:hiroki-10,fl:y_ln:yamamoto-51,3,0.58048644695807
2318,fl:m_ln:hiroki-10,fl:n_ln:kato-49,3,0.6248353757173317
2455,fl:m_ln:hiroki-10,fl:s_ln:chang-165,3,0.4193559137407783
2464,fl:m_ln:hiroki-10,fl:a_ln:kikuchi-5,3,0.5840125583776367
2603,fl:m_ln:hiroki-10,fl:s_ln:myers-11,3,0.3165618632170264
2618,fl:m_ln:hiroki-10,fl:j_ln:ternus-3,3,0.2901846262362765
2619,fl:m_ln:hiroki-10,fl:b_ln:rappoport-1,3,0.3115875360575102
2620,fl:m_ln:hiroki-10,fl:s_ln:lynch-9,3,0.3145330034535303
2689,fl:m_ln:hiroki-10,fl:m_ln:shiomi-14,3,0.6698218446688379
2693,fl:m_ln:hiroki-10,fl:a_ln:sakaigawa-1,3,0.5448787514367213
2696,fl:m_ln:hiroki-10,fl:t_ln:coker-11,3,0.4568473442784252
2697,fl:m_ln:hiroki-10,fl:w_ln:crossland-1,3,0.4516058340925496
2706,fl:m_ln:hiroki-10,fl:j_ln:cole-61,3,0.33450641766369915
2762,fl:m_ln:hiroki-10,fl:d_ln:simon-2,3,0.41114869649589625
2773,fl:m_ln:hiroki-10,fl:d_ln:falkenburg-2,3,0.4267558214092244
2781,fl:m_ln:hiroki-10,fl:w_ln:den boer-1,3,0.4566603093587631
2855,fl:m_ln:hiroki-10,fl:y_ln:park-73,3,0.41014407101400474
2862,fl:m_ln:hiroki-10,fl:j_ln:zhong-3,3,0.4327062862336235
2866,fl:m_ln:hiroki-10,fl:c_ln:chen-1472,3,0.4210195472846243
2952,fl:m_ln:hiroki-10,fl:p_ln:cain-2,3,0.44220516743051363
2953,fl:m_ln:hiroki-10,fl:w_ln:so-1,3,0.42482115132904863
2961,fl:m_ln:hiroki-10,fl:t_ln:koizumi-42,3,0.4115352392541064
3000,fl:m_ln:hiroki-10,fl:k_ln:guttag-1,3,0.3503511905832426
3059,fl:m_ln:hiroki-10,fl:s_ln:kang-417,3,0.5934255475058667
3063,fl:m_ln:hiroki-10,fl:s_ln:lee-1082,3,0.531486647766433
3127,fl:m_ln:hiroki-10,fl:k_ln:morii-17,3,0.4998346100159785
3154,fl:m_ln:hiroki-10,fl:j_ln:oh-182,3,0.4657947866226261
3155,fl:m_ln:hiroki-10,fl:c_ln:park-383,3,0.4771213250404547
3156,fl:m_ln:hiroki-10,fl:k_ln:shin-34,3,0.4008683869664982
3157,fl:m_ln:hiroki-10,fl:c_ln:chai-6,3,0.45533820155436633
3199,fl:m_ln:hiroki-10,fl:t_ln:kim-146,3,0.6241141922830319
3223,fl:m_ln:hiroki-10,fl:m_ln:chiang-23,3,0.457596156282998
3224,fl:m_ln:hiroki-10,fl:m_ln:lai-60,3,0.4687771636257323
3225,fl:m_ln:hiroki-10,fl:h_ln:huang-237,3,0.4631568128642145
3227,fl:m_ln:hiroki-10,fl:m_ln:chiang-26,3,0.3388326728026474
3231,fl:m_ln:hiroki-10,fl:t_ln:yoshida-220,3,0.27830094782546877
3251,fl:m_ln:hiroki-10,fl:y_ln:asao-8,3,0.3834334267845223
3257,fl:m_ln:hiroki-10,fl:t_ln:shinomiya-2,3,0.5880335234192942
3342,fl:m_ln:hiroki-10,fl:m_ln:johnson-274,3,0.4524264298444707
3347,fl:m_ln:hiroki-10,fl:h_ln:washio-2,3,0.3903855175185039
3349,fl:m_ln:hiroki-10,fl:h_ln:furukawa-17,3,0.39207295475995674
3358,fl:m_ln:hiroki-10,fl:t_ln:wei-60,3,0.3890769301857857
3470,fl:m_ln:hiroki-10,fl:c_ln:lin-642,3,0.5844872705821823
3493,fl:m_ln:hiroki-10,fl:l_ln:hubby-1,3,0.3314544442518079
3678,fl:m_ln:hiroki-10,fl:a_ln:morita-26,3,0.4907667026708301
3680,fl:m_ln:hiroki-10,fl:g_ln:hamagishi-1,3,0.493051690695107
3682,fl:m_ln:hiroki-10,fl:k_ln:mashitani-1,3,0.5075724108544656
3694,fl:m_ln:hiroki-10,fl:t_ln:sugihara-10,3,0.5909666993968388
3705,fl:m_ln:hiroki-10,fl:k_ln:inamura-9,3,0.2925375871257798
3707,fl:m_ln:hiroki-10,fl:i_ln:kanai-3,3,0.29805870876192264
3730,fl:m_ln:hiroki-10,fl:s_ln:howells-1,3,0.5065980112347445
3792,fl:m_ln:hiroki-10,fl:r_ln:itoh-12,3,0.6156858721398942
3793,fl:m_ln:hiroki-10,fl:k_ln:song-52,3,0.46902931403784887
3820,fl:m_ln:hiroki-10,fl:l_ln:chen-283,3,0.6033082394992874
3822,fl:m_ln:hiroki-10,fl:r_ln:campbell-37,3,0.6058101703633044
3886,fl:m_ln:hiroki-10,fl:j_ln:sakata-11,3,0.482882977860279
3963,fl:m_ln:hiroki-10,fl:k_ln:toyotaka-1,3,0.5752422158007753
4032,fl:m_ln:hiroki-10,fl:k_ln:kusunoki-4,3,0.5730346660083748
0,fl:c_ln:kim-363,fl:j_ln:kim-1462,1,0.9992532272544873
14,fl:c_ln:kim-363,fl:s_ln:kim-989,2,0.3906039107724437
57,fl:c_ln:kim-363,fl:t_ln:ha-17,3,0.37219405436720965
97,fl:c_ln:kim-363,fl:j_ln:hong-149,1,0.9995010264696712
214,fl:c_ln:kim-363,fl:y_ln:ro-5,1,0.999428277038224
323,fl:c_ln:kim-363,fl:j_ln:nam-167,1,0.9990048428436125
324,fl:c_ln:kim-363,fl:c_ln:kim-363,0,1.0
325,fl:c_ln:kim-363,fl:s_ln:yang-310,1,0.9991374221593807
326,fl:c_ln:kim-363,fl:j_ln:kim-1413,1,0.9994359517535968
556,fl:c_ln:kim-363,fl:s_ln:ahn-34,3,0.4141755083758749
594,fl:c_ln:kim-363,fl:i_ln:kim-279,2,0.379077833977552
717,fl:c_ln:kim-363,fl:d_ln:lee-533,2,0.6252824108582119
723,fl:c_ln:kim-363,fl:p_ln:davidson-2,2,0.5526969119426726
730,fl:c_ln:kim-363,fl:h_ln:steele-9,3,0.27478467324014877
731,fl:c_ln:kim-363,fl:u_ln:schwuttke-1,3,0.2644985956534698
744,fl:c_ln:kim-363,fl:m_ln:almond-2,3,0.5966663901965857
745,fl:c_ln:kim-363,fl:r_ln:cooper-43,3,0.6003538361397257
746,fl:c_ln:kim-363,fl:d_ln:haine-1,3,0.603931113344697
0,fl:p_ln:jacobs-17,fl:c_ln:lee-1263,1,0.9973293547140155
3,fl:p_ln:jacobs-17,fl:p_ln:jacobs-17,0,1.0
5,fl:p_ln:jacobs-17,fl:d_ln:julian-7,1,0.99661504991712
14,fl:p_ln:jacobs-17,fl:l_ln:xiao-19,1,0.9971153421442205
15,fl:p_ln:jacobs-17,fl:k_ln:moallemi-2,1,0.9993314745672369
16,fl:p_ln:jacobs-17,fl:g_ln:rose-9,1,0.997642833955406
17,fl:p_ln:jacobs-17,fl:m_ln:jaime-1,1,0.9973028161266447
18,fl:p_ln:jacobs-17,fl:r_ln:douglas-13,2,0.9976937768088691
19,fl:p_ln:jacobs-17,fl:a_ln:agrawal-41,1,0.9978346487482239
23,fl:p_ln:jacobs-17,fl:r_ln:rajan-14,1,0.9991291797729711
24,fl:p_ln:jacobs-17,fl:m_ln:koenig-2,1,0.9989565014851596
25,fl:p_ln:jacobs-17,fl:d_ln:vo-3,1,0.9996311580815013
26,fl:p_ln:jacobs-17,fl:o_ln:michaelis-1,1,0.9989907413370429
27,fl:p_ln:jacobs-17,fl:j_ln:dos santos-8,1,0.999073650678141
220,fl:p_ln:jacobs-17,fl:j_ln:dorogusker-1,3,0.4250160975925893
326,fl:p_ln:jacobs-17,fl:k_ln:hunter-12,1,0.6781538968533991
346,fl:p_ln:jacobs-17,fl:n_ln:bi-3,1,0.42219935850550616
348,fl:p_ln:jacobs-17,fl:n_ln:raffaelli-2,2,0.6882468193171113
349,fl:p_ln:jacobs-17,fl:g_ln:mandyam-1,2,0.6765099338893392
350,fl:p_ln:jacobs-17,fl:l_ln:suryanarayana-2,2,0.685266970602518
351,fl:p_ln:jacobs-17,fl:c_ln:bernard-23,2,0.6893320207693739
356,fl:p_ln:jacobs-17,fl:s_ln:geach-1,3,0.43155513244309707
357,fl:p_ln:jacobs-17,fl:m_ln:caunter-1,3,0.4378178130071474
358,fl:p_ln:jacobs-17,fl:b_ln:jackson-52,3,0.43802382153508224
362,fl:p_ln:jacobs-17,fl:l_ln:suryanarayana-1,2,0.6860753539015136
702,fl:p_ln:jacobs-17,fl:a_ln:yamashita-31,3,0.36189740791382274
827,fl:p_ln:jacobs-17,fl:s_ln:horodezky-1,2,0.3189550508621115
1172,fl:p_ln:jacobs-17,fl:m_ln:ellis-29,3,0.47102384991871715
1271,fl:p_ln:jacobs-17,fl:h_ln:sakai-60,3,0.5893654551263726
1280,fl:p_ln:jacobs-17,fl:h_ln:kawabata-1,3,0.611968226325164
1281,fl:p_ln:jacobs-17,fl:s_ln:washio-1,3,0.6036365811559883
1282,fl:p_ln:jacobs-17,fl:m_ln:yamamoto-68,3,0.605128847856588
1283,fl:p_ln:jacobs-17,fl:t_ln:natsuno-1,3,0.6078552809368334
1336,fl:p_ln:jacobs-17,fl:j_ln:brandt-55,3,0.4895439443803775
1340,fl:p_ln:jacobs-17,fl:g_ln:chang-78,3,0.37791392357948617
1348,fl:p_ln:jacobs-17,fl:a_ln:eronen-1,3,0.33702318266723463
1419,fl:p_ln:jacobs-17,fl:m_ln:morris-35,3,0.5137468511317926
1560,fl:p_ln:jacobs-17,fl:r_ln:hasha-1,3,0.3745257896534222
1653,fl:p_ln:jacobs-17,fl:r_ln:dos santos-9,1,0.9987647359567975
1673,fl:p_ln:jacobs-17,fl:g_ln:steiner-4,3,0.4500004073844579
1728,fl:p_ln:jacobs-17,fl:k_ln:silverbrook-2,3,0.3873666288938914
1747,fl:p_ln:jacobs-17,fl:w_ln:lee-64,2,0.21393460425265298
1849,fl:p_ln:jacobs-17,fl:d_ln:van ostrand-2,3,0.47915982525626544
1884,fl:p_ln:jacobs-17,fl:s_ln:belz-1,3,0.484741883798095
1885,fl:p_ln:jacobs-17,fl:l_ln:pearson-15,3,0.5109324242521602
1927,fl:p_ln:jacobs-17,fl:s_ln:hrinya-1,3,0.3788657292438111
1928,fl:p_ln:jacobs-17,fl:p_ln:patel-151,3,0.3712408892599439
1951,fl:p_ln:jacobs-17,fl:l_ln:keely-4,3,0.6155473420925008
1995,fl:p_ln:jacobs-17,fl:t_ln:parks-2,3,0.34454790467478413
2313,fl:p_ln:jacobs-17,fl:d_ln:feinleib-2,3,0.4885454334012329
2339,fl:p_ln:jacobs-17,fl:j_ln:ive-2,3,0.7124387258663595
2344,fl:p_ln:jacobs-17,fl:i_ln:chaudhri-2,3,0.2573261630803103
2371,fl:p_ln:jacobs-17,fl:e_ln:peters-21,3,0.6486881224849436
2418,fl:p_ln:jacobs-17,fl:w_ln:zhang-225,3,0.6548761680205787
2419,fl:p_ln:jacobs-17,fl:g_ln:virdi-3,3,0.518089701204233
2426,fl:p_ln:jacobs-17,fl:t_ln:holcomb-4,3,0.5755119082661546
2470,fl:p_ln:jacobs-17,fl:j_ln:platt-9,3,0.6126540528419994
2474,fl:p_ln:jacobs-17,fl:g_ln:sih-2,2,0.21727045830962766
2496,fl:p_ln:jacobs-17,fl:t_ln:kondo-120,3,0.343123984973035
2553,fl:p_ln:jacobs-17,fl:r_ln:gonsalves-3,3,0.6473926314301548
2554,fl:p_ln:jacobs-17,fl:p_ln:o'connor-13,3,0.650017812354089
2572,fl:p_ln:jacobs-17,fl:y_ln:wu-724,3,0.5468173580693321
2805,fl:p_ln:jacobs-17,fl:r_ln:rotzoll-2,3,0.4527131644861868
2907,fl:p_ln:jacobs-17,fl:d_ln:hsu-12,3,0.21570160875935496
2908,fl:p_ln:jacobs-17,fl:x_ln:chen-466,3,0.21293544120311148
3012,fl:p_ln:jacobs-17,fl:b_ln:davis-126,3,0.493529589321986
3029,fl:p_ln:jacobs-17,fl:s_ln:johnson-283,3,0.609634727154735
3173,fl:p_ln:jacobs-17,fl:d_ln:roe-13,3,0.38728534369953294
3255,fl:p_ln:jacobs-17,fl:j_ln:lipman-10,3,0.6856813551752037
3426,fl:p_ln:jacobs-17,fl:m_ln:grannan-1,3,0.6723004440966985
3430,fl:p_ln:jacobs-17,fl:j_ln:bridges-24,3,0.5102376657528573
3510,fl:p_ln:jacobs-17,fl:g_ln:heinzinger-1,2,0.3066336632783382
3534,fl:p_ln:jacobs-17,fl:l_ln:zhang-198,2,0.5656829150526068
3535,fl:p_ln:jacobs-17,fl:r_ln:yang-156,2,0.42580031297144294
3684,fl:p_ln:jacobs-17,fl:b_ln:lucas-8,2,0.6389415297469315
3701,fl:p_ln:jacobs-17,fl:j_ln:celi-2,2,0.44567881393607167
3725,fl:p_ln:jacobs-17,fl:e_ln:burckart-2,2,0.5970165591829002
3726,fl:p_ln:jacobs-17,fl:m_ln:paolini-3,2,0.573370292893355
3727,fl:p_ln:jacobs-17,fl:m_ln:brown-87,2,0.5717761440717202
3730,fl:p_ln:jacobs-17,fl:a_ln:ivory-2,2,0.6003273396188414
3736,fl:p_ln:jacobs-17,fl:a_ln:shook-2,3,0.6013076405042311
3766,fl:p_ln:jacobs-17,fl:m_ln:sezan-1,3,0.46868672187439175
3864,fl:p_ln:jacobs-17,fl:p_ln:baheti-1,2,0.46019764988867795
3866,fl:p_ln:jacobs-17,fl:y_ln:reznik-1,2,0.5068687200250334
3870,fl:p_ln:jacobs-17,fl:m_ln:mignard-2,2,0.34320335941389235
0,fl:g_ln:allen-44,fl:j_ln:hattrup-1,1,0.999715927255592
1,fl:g_ln:allen-44,fl:n_ln:lawson-1,1,0.9995307156772525
2,fl:g_ln:allen-44,fl:r_ln:french-2,1,0.9994768776471006
3,fl:g_ln:allen-44,fl:g_ln:allen-44,0,1.0
9,fl:g_ln:allen-44,fl:d_ln:johnson-299,3,0.4050714974985059
31,fl:g_ln:allen-44,fl:c_ln:clermont-1,3,0.30856118070218086
32,fl:g_ln:allen-44,fl:c_ln:schacht-2,3,0.30900096771246033
54,fl:g_ln:allen-44,fl:s_ln:simske-2,3,0.3593910293216911
55,fl:g_ln:allen-44,fl:j_ln:aronoff-1,3,0.34061038648409514
58,fl:g_ln:allen-44,fl:g_ln:adams-51,3,0.33417506391252605
69,fl:g_ln:allen-44,fl:k_ln:parulski-1,3,0.5525686232998005
0,fl:g_ln:kutas-1,fl:j_ln:schanda-2,1,0.9992433384877525
1,fl:g_ln:kutas-1,fl:p_ln:bodrogi-1,1,0.9994111121340027
2,fl:g_ln:kutas-1,fl:h_ln:choh-1,1,0.9991808522887579
3,fl:g_ln:kutas-1,fl:y_ln:kwak-58,1,0.9992801670211088
4,fl:g_ln:kutas-1,fl:g_ln:kutas-1,0,1.0
7,fl:g_ln:kutas-1,fl:h_ln:lee-890,2,0.4273605104226964
8,fl:g_ln:kutas-1,fl:d_ln:park-66,2,0.4313956202039677
55,fl:g_ln:kutas-1,fl:j_ln:varga-6,3,0.5121788203071304
56,fl:g_ln:kutas-1,fl:i_ln:maloney-2,3,0.49728055720474074
57,fl:g_ln:kutas-1,fl:m_ln:ushijima-2,3,0.5033994364048228
58,fl:g_ln:kutas-1,fl:j_ln:coulter-16,3,0.5067021465643792
59,fl:g_ln:kutas-1,fl:t_ln:towns-1,3,0.4996747708089637
60,fl:g_ln:kutas-1,fl:j_ln:meixel-1,3,0.5026552837643093
61,fl:g_ln:kutas-1,fl:j_ln:whitted-1,3,0.43237018014830064
62,fl:g_ln:kutas-1,fl:g_ln:hitchcock-4,3,0.4617102916179001
63,fl:g_ln:kutas-1,fl:l_ln:keely-4,3,0.4464883242496247
64,fl:g_ln:kutas-1,fl:m_ln:duggan-11,3,0.4631814672863992
65,fl:g_ln:kutas-1,fl:w_ln:hill-18,3,0.4434447232802019
67,fl:g_ln:kutas-1,fl:j_ln:allebach-2,3,0.37845277265620547
71,fl:g_ln:kutas-1,fl:c_ln:bouman-1,3,0.3981313165171746
0,fl:c_ln:priddle-1,fl:p_ln:frojdh-1,1,0.999444942171273
2,fl:c_ln:priddle-1,fl:t_ln:einarsson-2,1,0.9996126954860493
3,fl:c_ln:priddle-1,fl:z_ln:wu-337,1,0.9991689609890813
4,fl:c_ln:priddle-1,fl:c_ln:priddle-1,0,1.0
41,fl:c_ln:priddle-1,fl:s_ln:kaasila-1,3,0.5215218388845106
42,fl:c_ln:priddle-1,fl:j_ln:collins-104,3,0.5004170944801046
85,fl:c_ln:priddle-1,fl:j_ln:kim-1462,3,0.38354894196920175
96,fl:c_ln:priddle-1,fl:t_ln:murakami-50,3,0.5889271575633346
104,fl:c_ln:priddle-1,fl:p_ln:milanfar-1,3,0.4666341067676675
126,fl:c_ln:priddle-1,fl:y_ln:soh-4,3,0.3142062319080805
136,fl:c_ln:priddle-1,fl:a_ln:faryar-1,3,0.3515223712363156
140,fl:c_ln:priddle-1,fl:s_ln:kim-766,3,0.46299263836785
149,fl:c_ln:priddle-1,fl:d_ln:thoreau-1,3,0.6047350386097654
162,fl:c_ln:priddle-1,fl:b_ln:jeon-146,3,0.2541515660161524
193,fl:c_ln:priddle-1,fl:j_ln:turner-114,3,0.5207187840900879
0,fl:s_ln:chen-1123,fl:s_ln:massicotte-3,1,0.9994239367167038
1,fl:s_ln:chen-1123,fl:s_ln:chen-1123,0,1.0
46,fl:s_ln:chen-1123,fl:s_ln:zelinka-2,3,0.4298387911579562
47,fl:s_ln:chen-1123,fl:p_ln:heckbert-1,3,0.4332456400974003
50,fl:s_ln:chen-1123,fl:j_ln:speigle-2,3,0.5450958503369484
52,fl:s_ln:chen-1123,fl:h_ln:kim-927,3,0.3058082725227418
54,fl:s_ln:chen-1123,fl:p_ln:nenonen-1,3,0.3599751662869728
57,fl:s_ln:chen-1123,fl:r_ln:eschbach-2,3,0.5820079312076325
61,fl:s_ln:chen-1123,fl:e_ln:saber-1,3,0.40891099281187304
63,fl:s_ln:chen-1123,fl:r_ln:gonsalves-3,3,0.3071222846868573
64,fl:s_ln:chen-1123,fl:r_ln:cutler-11,3,0.52870809009322
71,fl:s_ln:chen-1123,fl:y_ln:wu-724,3,0.41376700055449056
0,fl:j_ln:beltran-6,fl:p_ln:beymer-2,1,0.9995095194222702
1,fl:j_ln:beltran-6,fl:t_ln:ball-11,1,0.9991948073917177
2,fl:j_ln:beltran-6,fl:b_ln:finn-5,1,0.9994723729151507
3,fl:j_ln:beltran-6,fl:r_ln:mummidi-1,1,0.9994087630705079
4,fl:j_ln:beltran-6,fl:j_ln:beltran-6,0,1.0
16,fl:j_ln:beltran-6,fl:s_ln:kaasila-1,3,0.5716245076421904
17,fl:j_ln:beltran-6,fl:j_ln:collins-104,3,0.5521616837733647
0,fl:a_ln:gounares-3,fl:s_ln:fisher-46,1,0.9992091248562956
1,fl:a_ln:gounares-3,fl:b_ln:dresevic-1,1,0.9866870974797393
2,fl:a_ln:gounares-3,fl:d_ln:mitchell-25,2,0.9377941254839055
3,fl:a_ln:gounares-3,fl:t_ln:kannapel-2,1,0.9980445341157632
4,fl:a_ln:gounares-3,fl:s_ln:bhattacharyay-2,1,0.9987085559953053
5,fl:a_ln:gounares-3,fl:l_ln:keely-4,2,0.931071503619012
6,fl:a_ln:gounares-3,zadmbpkafg08mtr0oo9v4td67,2,0.9987945589100098
7,fl:a_ln:gounares-3,fl:g_ln:hitchcock-4,2,0.9189378569004002
8,fl:a_ln:gounares-3,fl:c_ln:betrisey-1,2,0.922349468902213
9,fl:a_ln:gounares-3,fl:j_ln:platt-9,2,0.9349122280806742
10,fl:a_ln:gounares-3,fl:w_ln:hill-18,2,0.9289070817703787
11,fl:a_ln:gounares-3,fl:j_ln:whitted-1,2,0.9383875737378721
12,fl:a_ln:gounares-3,fl:r_ln:chambers-31,1,0.9974353677958478
13,fl:a_ln:gounares-3,fl:a_ln:silverman-6,1,0.9990683990247732
14,fl:a_ln:gounares-3,fl:t_ln:torset-1,1,0.9989350897966881
15,fl:a_ln:gounares-3,fl:t_ln:zielinski-7,2,0.9987816722962624
16,fl:a_ln:gounares-3,fl:g_ln:hullender-1,1,0.9990511986091491
17,fl:a_ln:gounares-3,fl:b_ln:krantz-1,1,0.9983041460739132
18,fl:a_ln:gounares-3,fl:m_ln:biswas-2,1,0.9986777907939361
19,fl:a_ln:gounares-3,fl:s_ln:dodge-7,1,0.9984923366459488
20,fl:a_ln:gounares-3,fl:a_ln:gounares-3,0,1.0
21,fl:a_ln:gounares-3,fl:s_ln:somji-1,1,0.9984691893397557
22,fl:a_ln:gounares-3,fl:r_ln:balaz-2,1,0.9987854147565087
23,fl:a_ln:gounares-3,fl:j_ln:turner-85,1,0.9986399105183454
24,fl:a_ln:gounares-3,fl:a_ln:gounares-2,2,0.9986180695013895
25,fl:a_ln:gounares-3,fl:a_ln:goldberg-19,1,0.9986650311230226
27,fl:a_ln:gounares-3,fl:k_ln:farouki-2,2,0.4883933218394312
56,fl:a_ln:gounares-3,fl:g_ln:flake-2,3,0.4706767917410697
78,fl:a_ln:gounares-3,fl:r_ln:sailor-2,2,0.9978087993512909
79,fl:a_ln:gounares-3,fl:k_ln:feldman-12,2,0.9976311749438187
90,fl:a_ln:gounares-3,fl:r_ln:cukierman-1,3,0.8861924222120433
98,fl:a_ln:gounares-3,fl:e_ln:geidl-1,2,0.9964115031846729
99,fl:a_ln:gounares-3,fl:b_ln:scott-32,2,0.9940392603242804
100,fl:a_ln:gounares-3,fl:r_ln:townsend-5,2,0.9952238875176259
101,fl:a_ln:gounares-3,fl:x_ln:tu-6,2,0.99489189912972
102,fl:a_ln:gounares-3,fl:j_ln:teed-2,2,0.9950354777204177
103,fl:a_ln:gounares-3,fl:s_ln:pradhan-3,2,0.9952584888082828
118,fl:a_ln:gounares-3,fl:c_ln:lui-4,2,0.8661549144901215
120,fl:a_ln:gounares-3,fl:e_ln:tecot-1,2,0.494585281413222
143,fl:a_ln:gounares-3,fl:s_ln:george-38,3,0.7974792164870423
184,fl:a_ln:gounares-3,fl:m_ln:kallay-2,3,0.3977594746750259
200,fl:a_ln:gounares-3,fl:j_ln:markiewicz-1,3,0.3077097879236005
204,fl:a_ln:gounares-3,fl:m_ln:agrawal-16,3,0.6208859240949574
226,fl:a_ln:gounares-3,fl:m_ln:rhoten-2,3,0.3902871627386917
227,fl:a_ln:gounares-3,fl:z_ln:szilagyi-1,3,0.3645040433204416
286,fl:a_ln:gounares-3,fl:m_ln:habib-19,3,0.4795196265630832
287,fl:a_ln:gounares-3,fl:l_ln:vertelney-1,3,0.4887190270509001
288,fl:a_ln:gounares-3,fl:s_ln:hegg-1,3,0.49732222208542787
289,fl:a_ln:gounares-3,fl:m_ln:darnell-2,3,0.4843935861797266
334,fl:a_ln:gounares-3,fl:d_ln:karlov-2,3,0.8677206959234521
353,fl:a_ln:gounares-3,fl:r_ln:duncan-16,3,0.3703518928440851
367,fl:a_ln:gounares-3,fl:d_ln:brown-135,3,0.8699507329223579
369,fl:a_ln:gounares-3,fl:j_ln:blinn-2,3,0.9268974406824636
375,fl:a_ln:gounares-3,fl:m_ln:duggan-11,3,0.9020765884259713
377,fl:a_ln:gounares-3,fl:p_ln:linnerud-2,3,0.8786968624163319
378,fl:a_ln:gounares-3,fl:b_ln:stamm-1,3,0.9034496933502782
379,fl:a_ln:gounares-3,fl:m_ln:conway-9,3,0.8894796591030636
380,fl:a_ln:gounares-3,fl:t_ln:matskewich-1,3,0.8420339810789323
381,fl:a_ln:gounares-3,fl:g_ln:wade-16,3,0.8788528438011716
386,fl:a_ln:gounares-3,fl:c_ln:evans-37,3,0.5705705470531133
406,fl:a_ln:gounares-3,fl:d_ln:meltzer-5,3,0.8019044498015232
409,fl:a_ln:gounares-3,fl:a_ln:zotov-3,3,0.3714948667792015
457,fl:a_ln:gounares-3,fl:j_ln:cain-19,3,0.6080187992357647
464,fl:a_ln:gounares-3,fl:a_ln:grigorovitch-1,3,0.6055417349618735
471,fl:a_ln:gounares-3,fl:s_ln:mohammed-11,3,0.5999829572086135
472,fl:a_ln:gounares-3,fl:k_ln:debique-1,3,0.6092243155601675
503,fl:a_ln:gounares-3,fl:s_ln:xu-146,3,0.3869146343073464
522,fl:a_ln:gounares-3,fl:r_ln:fries-4,3,0.601665075914839
537,fl:a_ln:gounares-3,fl:g_ln:gear-2,3,0.6431475835305828
575,fl:a_ln:gounares-3,fl:j_ln:galore-1,3,0.4353678984846395
576,fl:a_ln:gounares-3,fl:j_ln:cluts-1,3,0.5206164590334262
578,fl:a_ln:gounares-3,fl:j_ln:creasey-4,3,0.24404609435353863
678,fl:a_ln:gounares-3,fl:k_ln:noesen-1,3,0.5267638041811953
679,fl:a_ln:gounares-3,fl:f_ln:canova-2,3,0.5138822715469035
680,fl:a_ln:gounares-3,fl:r_ln:blair-31,3,0.519621006786182
693,fl:a_ln:gounares-3,fl:r_ln:haitani-2,3,0.4349496271833002
0,fl:t_ln:demers-2,fl:m_ln:regouby-1,1,0.9993997254514605
1,fl:t_ln:demers-2,fl:j_ln:hassell-10,2,0.9996559828153107
6,fl:t_ln:demers-2,fl:k_ln:easterbrook-1,2,0.9988511470027083
7,fl:t_ln:demers-2,fl:d_ln:berezowski-1,2,0.9980863682134535
8,fl:t_ln:demers-2,fl:m_ln:ellis-29,2,0.9991155907598961
9,fl:t_ln:demers-2,fl:e_ln:knudson-1,2,0.9988170481082083
21,fl:t_ln:demers-2,fl:r_ln:knee-1,2,0.9985066444602285
22,fl:t_ln:demers-2,fl:s_ln:reynolds-59,2,0.9992952745172227
23,fl:t_ln:demers-2,fl:w_ln:thomas-21,2,0.9995198279972947
24,fl:t_ln:demers-2,fl:d_ln:allison-11,1,0.9993907967286048
25,fl:t_ln:demers-2,fl:w_ln:herrington-1,1,0.9990948487914463
26,fl:t_ln:demers-2,fl:r_ln:mccoy-10,2,0.9985670454947073
27,fl:t_ln:demers-2,fl:k_ln:carpenter-10,2,0.9992367144619967
28,fl:t_ln:demers-2,fl:t_ln:lemmons-1,2,0.9990698201338093
29,fl:t_ln:demers-2,fl:s_ln:williamson-14,1,0.99943968527755
30,fl:t_ln:demers-2,fl:c_ln:marshall-11,2,0.9994542707057824
33,fl:t_ln:demers-2,fl:t_ln:deweese-4,2,0.9969709561891573
35,fl:t_ln:demers-2,fl:d_ln:gaydou-1,2,0.36898709702074817
39,fl:t_ln:demers-2,fl:b_ln:davis-126,2,0.9952748871837519
41,fl:t_ln:demers-2,fl:t_ln:walker-94,2,0.9978411265208673
43,fl:t_ln:demers-2,fl:m_ln:reichardt-4,2,0.9984701044760025
44,fl:t_ln:demers-2,fl:w_ln:korbecki-1,3,0.995079448957616
47,fl:t_ln:demers-2,fl:f_ln:boyer-3,1,0.9990587981502608
51,fl:t_ln:demers-2,fl:s_ln:moore-111,2,0.9980422221165448
57,fl:t_ln:demers-2,fl:l_ln:miller-115,2,0.9951480581682699
61,fl:t_ln:demers-2,fl:t_ln:demers-2,0,1.0
62,fl:t_ln:demers-2,fl:p_ln:reddy-16,1,0.9991517977277719
63,fl:t_ln:demers-2,fl:j_ln:hensley-10,1,0.9995787628235525
64,fl:t_ln:demers-2,fl:b_ln:blackwell-4,1,0.9986307138795985
79,fl:t_ln:demers-2,fl:f_ln:boyer-4,1,0.998222526335121
88,fl:t_ln:demers-2,fl:j_ln:zaring-1,2,0.996507207464195
96,fl:t_ln:demers-2,fl:a_ln:favia-1,3,0.9947786879708195
121,fl:t_ln:demers-2,fl:s_ln:o'brien-12,3,0.5995507211956258
122,fl:t_ln:demers-2,fl:s_ln:schein-4,3,0.6044296139299984
123,fl:t_ln:demers-2,fl:b_ln:klosterman-2,3,0.5743741595991587
124,fl:t_ln:demers-2,fl:k_ln:milnes-2,3,0.5771630986629275
126,fl:t_ln:demers-2,fl:t_ln:ward-24,3,0.6985175613276347
127,fl:t_ln:demers-2,fl:d_ln:macrae-2,3,0.7043297004834249
129,fl:t_ln:demers-2,fl:s_ln:broughton-3,3,0.5830070483476325
130,fl:t_ln:demers-2,fl:j_ln:leftwich-3,3,0.5909445516063581
131,fl:t_ln:demers-2,fl:t_ln:westberg-2,3,0.6914384276547044
137,fl:t_ln:demers-2,fl:w_ln:klappert-3,3,0.5765773231524789
142,fl:t_ln:demers-2,fl:b_ln:shahraray-1,3,0.5739657356095185
143,fl:t_ln:demers-2,fl:d_ln:gibbon-1,3,0.5849241869927205
167,fl:t_ln:demers-2,fl:s_ln:o'neil-5,3,0.7042777756112683
168,fl:t_ln:demers-2,fl:r_ln:alexander-59,3,0.7030526544527761
169,fl:t_ln:demers-2,fl:e_ln:leung-1,3,0.696610500526247
171,fl:t_ln:demers-2,fl:j_ln:sutton-50,3,0.7016985499161338
172,fl:t_ln:demers-2,fl:k_ln:hancock-4,3,0.6930210446426374
173,fl:t_ln:demers-2,fl:a_ln:ng-13,3,0.6942091649380808
174,fl:t_ln:demers-2,fl:h_ln:yuen-7,3,0.6993074267636514
175,fl:t_ln:demers-2,fl:s_ln:dias-7,3,0.6976641199510629
177,fl:t_ln:demers-2,fl:l_ln:hoffberg-borghesani-1,3,0.3769192700391977
178,fl:t_ln:demers-2,fl:s_ln:hoffberg-1,3,0.37209304634849993
181,fl:t_ln:demers-2,fl:j_ln:hendricks-22,3,0.6364587500192529
182,fl:t_ln:demers-2,fl:a_ln:bonner-3,3,0.6289063610311155
202,fl:t_ln:demers-2,fl:j_ln:augenbraun-2,3,0.4178677552941523
203,fl:t_ln:demers-2,fl:h_ln:krisbergh-2,3,0.4232677634369342
205,fl:t_ln:demers-2,fl:j_ln:lee-1236,3,0.41962367278375745
218,fl:t_ln:demers-2,fl:g_ln:chang-78,3,0.5659469231671177
219,fl:t_ln:demers-2,fl:j_ln:knowles-16,3,0.5740109445275062
220,fl:t_ln:demers-2,fl:k_ln:johnson-114,3,0.5694568593445718
227,fl:t_ln:demers-2,fl:d_ln:wachob-1,3,0.4331908162731257
244,fl:t_ln:demers-2,fl:t_ln:zato-1,3,0.3936378970412959
270,fl:t_ln:demers-2,fl:a_ln:shah-nazaroff-1,3,0.547542628397967
272,fl:t_ln:demers-2,fl:c_ln:williams-163,3,0.5500622877269886
273,fl:t_ln:demers-2,fl:k_ln:moore-81,3,0.5426425003112818
283,fl:t_ln:demers-2,fl:s_ln:rosenberg-16,3,0.43018889454412934
287,fl:t_ln:demers-2,fl:t_ln:woods-22,3,0.5853052614799804
288,fl:t_ln:demers-2,fl:j_ln:conness-1,3,0.5838876516628547
289,fl:t_ln:demers-2,fl:c_ln:bauder-2,3,0.5913821655004883
293,fl:t_ln:demers-2,fl:a_ln:rodriguez-33,3,0.5218361033483249
297,fl:t_ln:demers-2,fl:p_ln:shoaff-1,3,0.695855095246405
308,fl:t_ln:demers-2,fl:k_ln:ramakrishnan-2,3,0.47759064458367195
309,fl:t_ln:demers-2,fl:m_ln:aravamudan-1,3,0.4959719072712906
310,fl:t_ln:demers-2,fl:a_ln:rajasekharan-3,3,0.4884500991698093
314,fl:t_ln:demers-2,fl:s_ln:jolna-1,3,0.43245068731195546
315,fl:t_ln:demers-2,fl:r_ln:cusick-3,3,0.4255226461889494
342,fl:t_ln:demers-2,fl:m_ln:carlberg-1,3,0.4226143173524086
363,fl:t_ln:demers-2,fl:b_ln:drummond-2,3,0.9980427404879112
364,fl:t_ln:demers-2,fl:d_ln:lumley-1,2,0.9971052038475684
374,fl:t_ln:demers-2,fl:c_ln:strader-4,3,0.4032294194375585
375,fl:t_ln:demers-2,fl:k_ln:archer-2,3,0.4095531238331094
376,fl:t_ln:demers-2,fl:h_ln:chilvers-1,3,0.40931263670975815
377,fl:t_ln:demers-2,fl:c_ln:olague-1,3,0.40673059968192293
380,fl:t_ln:demers-2,fl:m_ln:brown-87,3,0.5138950402398441
381,fl:t_ln:demers-2,fl:m_ln:paolini-3,3,0.5110433191392802
391,fl:t_ln:demers-2,fl:s_ln:perlman-2,3,0.5092434747283595
400,fl:t_ln:demers-2,fl:a_ln:yoshimoto-8,3,0.5866372012475222
401,fl:t_ln:demers-2,fl:a_ln:nishimura-28,3,0.576776306347685
402,fl:t_ln:demers-2,fl:p_ln:rao-98,3,0.6248709943361527
403,fl:t_ln:demers-2,fl:d_ln:sloo-1,3,0.6299026915184384
407,fl:t_ln:demers-2,fl:r_ln:krishna-8,3,0.46363335801107297
408,fl:t_ln:demers-2,fl:r_ln:barve-2,3,0.4897287670407988
412,fl:t_ln:demers-2,fl:g_ln:backer-2,3,0.9887502509761724
413,fl:t_ln:demers-2,fl:m_ln:morris-35,3,0.9864796342455088
414,fl:t_ln:demers-2,fl:g_ln:bennington-2,3,0.9872548049889295
415,fl:t_ln:demers-2,fl:s_ln:green-65,3,0.9868884681311212
416,fl:t_ln:demers-2,fl:r_ln:rogers-91,3,0.9875721756926074
417,fl:t_ln:demers-2,fl:b_ln:cooper-67,3,0.9864089058511095
418,fl:t_ln:demers-2,fl:d_ln:spell-2,3,0.9875091110161509
419,fl:t_ln:demers-2,fl:a_ln:iwanaga-2,3,0.5821755282537557
422,fl:t_ln:demers-2,fl:k_ln:hunwick-1,3,0.5906486181735088
423,fl:t_ln:demers-2,fl:m_ln:king-30,3,0.5864386624619288
424,fl:t_ln:demers-2,fl:d_ln:folker-1,3,0.5921828064696296
425,fl:t_ln:demers-2,fl:t_ln:alba-4,3,0.5917666391340578
437,fl:t_ln:demers-2,fl:m_ln:asmussen-1,3,0.6363493760961266
438,fl:t_ln:demers-2,fl:j_ln:mccoskey-1,3,0.6335852204030931
439,fl:t_ln:demers-2,fl:w_ln:swart-1,3,0.631634819494923
458,fl:t_ln:demers-2,fl:p_ln:rajanala-1,3,0.4812853429987686
459,fl:t_ln:demers-2,fl:p_ln:garg-15,3,0.4951345953112466
460,fl:t_ln:demers-2,fl:s_ln:venkataraman-33,3,0.4749817515728525
476,fl:t_ln:demers-2,fl:c_ln:shimy-1,3,0.5834407507084192
477,fl:t_ln:demers-2,fl:b_ln:kim-929,3,0.5769855721118207
482,fl:t_ln:demers-2,fl:r_ln:mankovitz-1,3,0.6869304964757927
483,fl:t_ln:demers-2,fl:m_ln:gupta-56,3,0.476472014887664
507,fl:t_ln:demers-2,fl:j_ln:bryant-2,3,0.3748097196281228
508,fl:t_ln:demers-2,fl:k_ln:rasanen-2,3,0.3711000023950449
509,fl:t_ln:demers-2,fl:r_ln:hamano-2,3,0.2957347640789538
510,fl:t_ln:demers-2,fl:g_ln:gevorgyan-1,3,0.3014518489782636
522,fl:t_ln:demers-2,fl:w_ln:swinton-1,3,0.44328692586641316
535,fl:t_ln:demers-2,fl:r_ln:mechler-1,3,0.36766235924970614
536,fl:t_ln:demers-2,fl:e_ln:lau-24,3,0.3691021251247901
554,fl:t_ln:demers-2,fl:t_ln:nesson-1,3,0.679731635130879
555,fl:t_ln:demers-2,fl:m_ln:emans-1,3,0.6554329307591027
556,fl:t_ln:demers-2,fl:j_ln:hoctor-1,3,0.6478783887503331
557,fl:t_ln:demers-2,fl:j_ln:turner-114,3,0.6606051323412879
569,fl:t_ln:demers-2,fl:t_ln:guo-54,3,0.4866606387470491
570,fl:t_ln:demers-2,fl:n_ln:neufeld-1,3,0.4818004986191481
571,fl:t_ln:demers-2,fl:e_ln:lau-6,3,0.48708447824921386
572,fl:t_ln:demers-2,fl:h_ln:wu-635,3,0.48670843044477863
577,fl:t_ln:demers-2,fl:e_ln:fereira-1,3,0.37284752852813674
578,fl:t_ln:demers-2,fl:p_ln:zhang-53,3,0.36400399020678886
579,fl:t_ln:demers-2,fl:f_ln:hermanson-1,3,0.36364134546772475
580,fl:t_ln:demers-2,fl:d_ln:williams-282,3,0.357798778014907
581,fl:t_ln:demers-2,fl:g_ln:ehlers-6,3,0.3655836294927032
582,fl:t_ln:demers-2,fl:m_ln:chrabaszcz-2,3,0.3603844195812804
586,fl:t_ln:demers-2,fl:d_ln:kwoh-1,3,0.6889712574163633
587,fl:t_ln:demers-2,fl:d_ln:wong-22,3,0.5255629220143722
588,fl:t_ln:demers-2,fl:j_ln:so-18,3,0.5179535359542456
589,fl:t_ln:demers-2,fl:t_ln:tam-11,3,0.5079597780712657
590,fl:t_ln:demers-2,fl:r_ln:arsenault-6,3,0.4246764740363784
694,fl:t_ln:demers-2,fl:s_ln:bryant-6,3,0.4333525579344122
773,fl:t_ln:demers-2,fl:j_ln:robbin-6,3,0.47957329468771115
775,fl:t_ln:demers-2,fl:t_ln:martin-14,3,0.5607550491017211
787,fl:t_ln:demers-2,fl:g_ln:herlein-1,3,0.5885027548535694
803,fl:t_ln:demers-2,fl:s_ln:hori-37,3,0.4751197789167947
804,fl:t_ln:demers-2,fl:k_ln:yano-68,3,0.47640691858122264
807,fl:t_ln:demers-2,fl:f_ln:goto-13,3,0.4842044320238592
808,fl:t_ln:demers-2,fl:a_ln:yamada-15,3,0.49399384958879566
848,fl:t_ln:demers-2,fl:r_ln:lawson-29,3,0.5105873204597792
849,fl:t_ln:demers-2,fl:b_ln:belmont-2,3,0.5219270483412752
850,fl:t_ln:demers-2,fl:j_ln:stautner-1,3,0.5036669455458921
1034,fl:t_ln:demers-2,fl:a_ln:patnaik-5,3,0.4897096743402042
1039,fl:t_ln:demers-2,fl:m_ln:zirngibl-2,3,0.4811155952271816
1103,fl:t_ln:demers-2,fl:b_ln:maass-1,3,0.48138607310953585
1114,fl:t_ln:demers-2,fl:h_ln:eberle-9,3,0.4778144041968937
1186,fl:t_ln:demers-2,fl:d_ln:orbits-1,3,0.33716439453976776
1192,fl:t_ln:demers-2,fl:j_ln:janky-1,3,0.4500852879229411
1214,fl:t_ln:demers-2,fl:l_ln:stanger-1,3,0.3920250029204686
1277,fl:t_ln:demers-2,fl:h_ln:patel-55,3,0.4180115967620752
1281,fl:t_ln:demers-2,fl:j_ln:leftwich-1,3,0.5767515631358614
1289,fl:t_ln:demers-2,fl:d_ln:carver-12,3,0.5668361402946515
1291,fl:t_ln:demers-2,fl:b_ln:gerovac-1,3,0.5636882339458323
1295,fl:t_ln:demers-2,fl:f_ln:lawler-1,3,0.37360463680523015
1296,fl:t_ln:demers-2,fl:j_ln:matthews-13,3,0.3744189748336081
1305,fl:t_ln:demers-2,fl:c_ln:schultheiss-3,3,0.4953101500621817
1317,fl:t_ln:demers-2,fl:g_ln:moore-39,3,0.32709940369985113
1363,fl:t_ln:demers-2,fl:t_ln:wugofski-1,3,0.5680027833892326
1364,fl:t_ln:demers-2,fl:j_ln:baker-102,3,0.5773633603276781
1383,fl:t_ln:demers-2,fl:y_ln:hama-17,3,0.528908268433772
1387,fl:t_ln:demers-2,fl:c_ln:clanton-1,3,0.5916383816763127
1398,fl:t_ln:demers-2,fl:r_ln:gioscia-2,3,0.5770256824427231
1423,fl:t_ln:demers-2,fl:l_ln:kirsh-2,3,0.5367586808517893
1424,fl:t_ln:demers-2,fl:r_ln:cooper-43,3,0.4441022375885848
1433,fl:t_ln:demers-2,fl:t_ln:nashida-2,3,0.4293645778066819
1443,fl:t_ln:demers-2,fl:d_ln:shoff-2,3,0.37805911643348944
1444,fl:t_ln:demers-2,fl:v_ln:bronson-1,3,0.36731718242370115
1456,fl:t_ln:demers-2,fl:t_ln:oda-70,3,0.39763536271906097
1480,fl:t_ln:demers-2,fl:k_ln:tiene-1,3,0.4643421540930176
1506,fl:t_ln:demers-2,fl:r_ln:fries-4,3,0.2799885200425889
1514,fl:t_ln:demers-2,fl:w_ln:yen-33,3,0.4447559328424693
1515,fl:t_ln:demers-2,fl:s_ln:weinstein-10,3,0.44715099029395355
1545,fl:t_ln:demers-2,fl:t_ln:stockill-1,3,0.2993784402530455
1583,fl:t_ln:demers-2,fl:j_ln:wang-268,3,0.4645197312943724
1600,fl:t_ln:demers-2,fl:d_ln:byrne-18,3,0.37508051496370576
1601,fl:t_ln:demers-2,fl:j_ln:robarts-3,3,0.37823965427187145
1685,fl:t_ln:demers-2,fl:j_ln:goldschmidt iki-1,3,0.5426949456890139
1686,fl:t_ln:demers-2,fl:y_ln:ohno-36,3,0.3263752954530845
1719,fl:t_ln:demers-2,fl:j_ln:cluts-1,3,0.5736199370192865
1728,fl:t_ln:demers-2,fl:k_ln:lane-24,3,0.5410108325534313
1735,fl:t_ln:demers-2,fl:j_ln:iki-1,3,0.5468201206774341
1750,fl:t_ln:demers-2,fl:j_ln:schindler-14,3,0.5208310022069824
1751,fl:t_ln:demers-2,fl:d_ln:zyzda-2,3,0.5226022377040855
1752,fl:t_ln:demers-2,fl:r_ln:moore-102,3,0.522385075680434
1775,fl:t_ln:demers-2,fl:t_ln:waitt-1,3,0.5098086649057473
1776,fl:t_ln:demers-2,fl:r_ln:farwell-1,3,0.5260612488527174
1777,fl:t_ln:demers-2,fl:m_ln:mccafferty-5,3,0.4871018941344687
1778,fl:t_ln:demers-2,yoogtxwurztlwcun6uj6ork3x,3,0.49300700920726603
1779,fl:t_ln:demers-2,fl:t_ln:cutler-6,3,0.4937092081988278
1780,fl:t_ln:demers-2,fl:s_ln:kato-49,3,0.3521871346446006
1813,fl:t_ln:demers-2,fl:m_ln:vaughan-4,3,0.46745361740841374
1814,fl:t_ln:demers-2,fl:d_ln:sturgeon-4,3,0.46493455773321246
1817,fl:t_ln:demers-2,fl:a_ln:wood-57,3,0.4310400261557068
1818,fl:t_ln:demers-2,fl:d_ln:starr-5,3,0.46665648914690816
1819,fl:t_ln:demers-2,fl:j_ln:payne-37,3,0.47170218327709834
1820,fl:t_ln:demers-2,fl:j_ln:odell-9,3,0.46373629187634335
1821,fl:t_ln:demers-2,fl:j_ln:katz-3,3,0.47525116950337176
1822,fl:t_ln:demers-2,fl:t_ln:von kaenel-1,3,0.4687118433847036
